order_id,customer_id,order_date,status,region_code
ORD00001,,29-10-2025 16:43:14,DELIVERED,SOUTH
ORD00002,,17-05-2025 18:44:55,SHIPPED,CENTRAL
ORD00003,,05-09-2025 00:01:51,DELIVERED,CENTRAL
ORD00004,,22-01-2025 21:48:30,DELIVERED,CENTRAL
ORD00005,,14-03-2026 18:23:11,SHIPPED,CENTRAL
ORD00006,,27-05-2025 04:55:47,CANCELLED,CENTRAL
ORD00007,,29-08-2025 01:10:00,SHIPPED,WEST
ORD00008,,30-01-2025 11:41:43,PLACED,NORTH
ORD00009,,30-06-2025 16:24:49,RETURNED,SOUTH
ORD00010,,16-01-2025 11:29:04,RETURNED,WEST
ORD00011,,01-01-2025 12:44:28,DELIVERED,CENTRAL
ORD00012,,06-06-2025 11:34:05,SHIPPED,EAST
ORD00013,,11-07-2026 20:41:10,SHIPPED,EAST
ORD00014,,16-02-2025 06:12:13,PLACED,SOUTH
ORD00015,,01-04-2026 15:11:15,SHIPPED,NORTH
ORD00016,,13-02-2026 18:50:51,DELIVERED,NORTH
ORD00017,,18-10-2025 04:14:12,CANCELLED,CENTRAL
ORD00018,,20-03-2025 11:22:34,DELIVERED,EAST
ORD00019,,08-09-2025 13:45:34,SHIPPED,SOUTH
ORD00020,,23-07-2026 20:01:52,CANCELLED,WEST
ORD00021,,20-05-2026 05:35:50,DELIVERED,SOUTH
ORD00022,,04-07-2026 06:50:42,RETURNED,CENTRAL
ORD00023,,05-10-2025 03:42:37,SHIPPED,CENTRAL
ORD00024,,17-05-2025 04:47:28,CANCELLED,EAST
ORD00025,,25-07-2026 02:39:28,DELIVERED,SOUTH
ORD00026,,19-05-2025 00:43:21,PLACED,CENTRAL
ORD00027,,01-11-2025 03:58:46,RETURNED,NORTH
ORD00028,,22-05-2025 10:14:59,RETURNED,EAST
ORD00029,,20-04-2026 20:58:14,SHIPPED,CENTRAL
ORD00030,,22-03-2025 20:45:19,CANCELLED,SOUTH
ORD00031,,15-09-2025 05:25:36,PLACED,SOUTH
ORD00032,,27-09-2025 09:00:33,DELIVERED,SOUTH
ORD00033,,10-05-2026 03:22:51,PLACED,EAST
ORD00034,,13-12-2025 21:47:07,PLACED,EAST
ORD00035,,12-06-2025 20:47:54,SHIPPED,NORTH
ORD00036,,30-09-2025 05:26:32,DELIVERED,NORTH
ORD00037,,14-07-2026 13:28:57,PLACED,NORTH
ORD00038,,27-10-2025 18:23:20,CANCELLED,WEST
ORD00039,,10-05-2025 04:46:23,CANCELLED,WEST
ORD00040,,22-10-2025 03:42:50,DELIVERED,CENTRAL
ORD00041,,19-10-2025 12:59:09,PLACED,WEST
ORD00042,,25-03-2026 23:44:07,SHIPPED,SOUTH
ORD00043,,17-12-2025 12:36:26,PLACED,NORTH
ORD00044,,18-08-2025 01:29:42,PLACED,EAST
ORD00045,,22-07-2025 19:46:23,PLACED,NORTH
ORD00046,,23-09-2025 11:46:00,SHIPPED,WEST
ORD00047,,05-05-2025 23:28:37,PLACED,CENTRAL
ORD00048,,14-03-2025 07:35:49,DELIVERED,CENTRAL
ORD00049,,22-04-2026 15:10:00,CANCELLED,NORTH
ORD00050,,02-12-2025 00:26:58,SHIPPED,CENTRAL
ORD00051,,04-12-2025 06:04:54,SHIPPED,NORTH
ORD00052,,20-03-2025 15:34:56,DELIVERED,SOUTH
ORD00053,,28-05-2025 13:33:47,CANCELLED,CENTRAL
ORD00054,,15-07-2026 19:45:56,RETURNED,EAST
ORD00055,,29-05-2026 02:26:14,DELIVERED,EAST
ORD00056,,04-07-2025 12:13:15,PLACED,NORTH
ORD00057,,02-11-2025 04:13:41,RETURNED,CENTRAL
ORD00058,,17-01-2026 07:56:21,SHIPPED,NORTH
ORD00059,,08-10-2025 06:20:19,PLACED,WEST
ORD00060,,10-03-2025 01:30:39,DELIVERED,CENTRAL
ORD00061,,09-01-2026 01:58:13,SHIPPED,NORTH
ORD00062,,20-01-2025 23:44:53,SHIPPED,SOUTH
ORD00063,,11-05-2026 16:44:10,DELIVERED,NORTH
ORD00064,,03-01-2026 19:59:48,PLACED,EAST
ORD00065,,05-11-2025 17:19:42,CANCELLED,WEST
ORD00066,,29-05-2026 10:40:47,DELIVERED,NORTH
ORD00067,,14-05-2026 13:15:23,RETURNED,WEST
ORD00068,,24-05-2025 14:26:08,DELIVERED,WEST
ORD00069,,14-10-2025 22:08:46,SHIPPED,WEST
ORD00070,,04-02-2025 15:43:11,DELIVERED,WEST
ORD00071,,28-12-2025 05:18:31,DELIVERED,SOUTH
ORD00072,,28-07-2025 14:21:30,RETURNED,NORTH
ORD00073,,28-04-2025 09:16:47,PLACED,NORTH
ORD00074,,03-06-2026 23:03:15,DELIVERED,CENTRAL
ORD00075,,18-11-2025 13:16:13,RETURNED,SOUTH
ORD00076,CUST0567,2025-02-17 08:49:09,CANCELLED,CENTRAL
ORD00077,CUST0429,2026-02-20 22:42:43,CANCELLED,CENTRAL
ORD00078,CUST0242,2026-01-05 22:10:20,DELIVERED,NORTH
ORD00079,CUST0405,2026-07-09 19:37:24,PLACED,CENTRAL
ORD00080,CUST0585,2026-02-06 10:10:28,RETURNED,CENTRAL
ORD00081,CUST0151,2025-04-04 10:12:59,CANCELLED,SOUTH
ORD00082,CUST0172,2025-06-14 13:55:07,SHIPPED,SOUTH
ORD00083,CUST0044,2025-11-25 20:16:48,PLACED,WEST
ORD00084,CUST0207,2026-05-03 04:20:38,SHIPPED,CENTRAL
ORD00085,CUST0265,2025-09-06 08:33:44,PLACED,NORTH
ORD00086,CUST0398,2026-03-09 03:22:49,CANCELLED,CENTRAL
ORD00087,CUST0334,2025-08-03 12:45:23,RETURNED,WEST
ORD00088,CUST0013,2026-06-29 00:37:41,RETURNED,CENTRAL
ORD00089,CUST0536,2025-11-22 21:47:45,PLACED,WEST
ORD00090,CUST0154,2025-04-26 02:38:36,RETURNED,CENTRAL
ORD00091,CUST0597,2025-03-19 19:56:16,PLACED,CENTRAL
ORD00092,CUST0104,2025-08-11 05:09:26,RETURNED,EAST
ORD00093,CUST0421,2025-07-25 03:51:49,CANCELLED,WEST
ORD00094,CUST0586,2026-04-18 23:52:38,CANCELLED,NORTH
ORD00095,CUST0177,2025-08-02 22:05:30,CANCELLED,SOUTH
ORD00096,CUST0412,2025-01-31 02:57:31,CANCELLED,EAST
ORD00097,CUST0244,2025-02-08 06:51:01,CANCELLED,EAST
ORD00098,CUST0382,2025-01-16 17:10:06,DELIVERED,EAST
ORD00099,CUST0319,2025-08-06 18:02:25,CANCELLED,NORTH
ORD00100,CUST0234,2025-04-15 09:07:39,DELIVERED,WEST
ORD00101,CUST0329,2025-07-29 06:21:08,CANCELLED,CENTRAL
ORD00102,CUST0092,2025-05-26 23:22:30,CANCELLED,SOUTH
ORD00103,CUST0417,2026-07-30 12:12:43,CANCELLED,CENTRAL
ORD00104,CUST0383,2025-02-13 15:45:08,RETURNED,SOUTH
ORD00105,CUST0068,2025-08-30 15:45:17,RETURNED,WEST
ORD00106,CUST0139,2026-02-12 05:24:12,RETURNED,NORTH
ORD00107,CUST0178,2025-05-30 17:22:15,SHIPPED,NORTH
ORD00108,CUST0256,2025-01-26 16:29:20,CANCELLED,NORTH
ORD00109,CUST0370,2026-07-02 07:19:43,SHIPPED,EAST
ORD00110,CUST0378,2025-12-27 13:39:33,RETURNED,WEST
ORD00111,CUST0127,2026-06-14 02:00:37,PLACED,SOUTH
ORD00112,CUST0382,2026-01-15 15:38:42,RETURNED,WEST
ORD00113,CUST0182,2026-01-04 14:51:18,RETURNED,CENTRAL
ORD00114,CUST0359,2025-09-25 09:15:59,SHIPPED,EAST
ORD00115,CUST0093,2025-08-10 10:04:42,PLACED,WEST
ORD00116,CUST0051,2025-05-07 12:48:50,RETURNED,SOUTH
ORD00117,CUST0227,2026-05-18 20:02:09,SHIPPED,SOUTH
ORD00118,CUST0276,2026-05-22 02:28:05,CANCELLED,CENTRAL
ORD00119,CUST0021,2026-06-14 21:07:29,PLACED,WEST
ORD00120,CUST0136,2026-05-18 19:52:49,SHIPPED,CENTRAL
ORD00121,CUST0009,2025-06-23 19:22:32,DELIVERED,CENTRAL
ORD00122,CUST0313,2026-07-08 14:26:44,DELIVERED,WEST
ORD00123,CUST0386,2025-09-28 20:24:38,CANCELLED,EAST
ORD00124,CUST0224,2025-12-29 11:52:53,DELIVERED,CENTRAL
ORD00125,CUST0407,2026-03-30 23:37:49,PLACED,NORTH
ORD00126,CUST0524,2026-05-30 11:12:01,DELIVERED,CENTRAL
ORD00127,CUST0290,2025-08-20 19:59:40,PLACED,WEST
ORD00128,CUST0066,2025-09-19 04:46:53,DELIVERED,EAST
ORD00129,CUST0284,2025-07-22 20:07:52,DELIVERED,SOUTH
ORD00130,CUST0154,2026-02-06 19:03:04,SHIPPED,NORTH
ORD00131,CUST0414,2026-05-29 01:10:39,DELIVERED,SOUTH
ORD00132,CUST0027,2026-05-25 01:33:07,CANCELLED,EAST
ORD00133,CUST0266,2025-11-22 02:37:47,CANCELLED,WEST
ORD00134,CUST0037,2026-03-29 20:20:58,RETURNED,SOUTH
ORD00135,CUST0352,2026-07-19 07:52:16,SHIPPED,CENTRAL
ORD00136,CUST0488,2026-06-06 20:32:10,DELIVERED,CENTRAL
ORD00137,CUST0308,2025-05-13 00:46:51,RETURNED,SOUTH
ORD00138,CUST0301,2025-03-17 19:27:10,CANCELLED,SOUTH
ORD00139,CUST0265,2026-07-18 06:27:31,RETURNED,SOUTH
ORD00140,CUST0344,2026-05-24 07:32:45,PLACED,SOUTH
ORD00141,CUST0364,2025-06-23 11:08:03,DELIVERED,WEST
ORD00142,CUST0340,2025-10-16 16:39:45,DELIVERED,CENTRAL
ORD00143,CUST0302,2025-12-27 05:07:28,PLACED,WEST
ORD00144,CUST0055,2026-05-08 18:00:44,RETURNED,CENTRAL
ORD00145,CUST0073,2026-01-02 18:48:46,SHIPPED,CENTRAL
ORD00146,CUST0123,2026-06-13 17:07:33,CANCELLED,CENTRAL
ORD00147,CUST0306,2025-11-17 20:52:38,PLACED,SOUTH
ORD00148,CUST0141,2025-06-05 13:47:56,DELIVERED,WEST
ORD00149,CUST0584,2025-12-22 09:44:59,SHIPPED,EAST
ORD00150,CUST0185,2025-03-04 18:26:05,CANCELLED,EAST
ORD00151,CUST0182,2025-09-01 10:27:42,PLACED,NORTH
ORD00152,CUST0463,2025-08-01 10:55:44,SHIPPED,SOUTH
ORD00153,CUST0591,2025-05-04 01:26:40,CANCELLED,NORTH
ORD00154,CUST0133,2026-04-23 06:43:57,CANCELLED,WEST
ORD00155,CUST0414,2025-11-30 05:36:50,CANCELLED,WEST
ORD00156,CUST0005,2025-01-30 07:15:03,RETURNED,SOUTH
ORD00157,CUST0383,2025-01-11 22:24:59,DELIVERED,CENTRAL
ORD00158,CUST0196,2025-01-14 21:58:50,PLACED,SOUTH
ORD00159,CUST0232,2026-06-23 16:14:17,DELIVERED,EAST
ORD00160,CUST0133,2025-03-21 18:37:12,CANCELLED,CENTRAL
ORD00161,CUST0314,2025-05-10 17:28:55,PLACED,NORTH
ORD00162,CUST0306,2025-08-14 21:25:22,CANCELLED,CENTRAL
ORD00163,CUST0537,2025-09-20 09:42:13,CANCELLED,SOUTH
ORD00164,CUST0351,2026-01-16 17:35:34,DELIVERED,SOUTH
ORD00165,CUST0169,2025-11-10 07:45:55,PLACED,SOUTH
ORD00166,CUST0230,2026-07-19 19:24:33,SHIPPED,SOUTH
ORD00167,CUST0023,2026-04-04 00:40:16,RETURNED,SOUTH
ORD00168,CUST0127,2025-10-12 17:45:35,PLACED,WEST
ORD00169,CUST0262,2026-02-20 08:09:13,RETURNED,NORTH
ORD00170,CUST0050,2026-05-30 04:00:49,PLACED,NORTH
ORD00171,CUST0050,2026-06-20 17:52:02,PLACED,WEST
ORD00172,CUST0455,2025-10-23 08:26:38,PLACED,CENTRAL
ORD00173,CUST0259,2026-01-04 11:23:19,SHIPPED,SOUTH
ORD00174,CUST0010,2025-08-22 21:13:03,CANCELLED,NORTH
ORD00175,CUST0533,2025-07-29 16:44:19,RETURNED,CENTRAL
ORD00176,CUST0141,2025-11-22 07:28:40,PLACED,CENTRAL
ORD00177,CUST0121,2025-08-08 14:02:10,PLACED,NORTH
ORD00178,CUST0510,2025-06-04 07:02:31,RETURNED,SOUTH
ORD00179,CUST0270,2026-02-11 08:09:00,SHIPPED,EAST
ORD00180,CUST0420,2025-08-18 09:44:43,SHIPPED,NORTH
ORD00181,CUST0562,2026-01-21 12:43:20,SHIPPED,WEST
ORD00182,CUST0339,2025-07-02 03:29:42,PLACED,NORTH
ORD00183,CUST0092,2025-03-27 18:34:53,RETURNED,WEST
ORD00184,CUST0153,2025-03-11 23:15:45,RETURNED,NORTH
ORD00185,CUST0104,2025-07-18 18:10:28,SHIPPED,WEST
ORD00186,CUST0304,2025-07-25 03:38:50,CANCELLED,NORTH
ORD00187,CUST0103,2025-05-16 16:40:39,PLACED,EAST
ORD00188,CUST0369,2026-06-10 15:50:33,DELIVERED,WEST
ORD00189,CUST0119,2025-03-15 18:53:59,PLACED,NORTH
ORD00190,CUST0142,2026-05-31 05:50:02,SHIPPED,EAST
ORD00191,CUST0367,2025-12-06 23:35:23,RETURNED,EAST
ORD00192,CUST0096,2025-10-17 10:10:49,DELIVERED,SOUTH
ORD00193,CUST0117,2025-11-08 07:02:03,CANCELLED,WEST
ORD00194,CUST0279,2025-10-27 14:15:28,CANCELLED,WEST
ORD00195,CUST0171,2025-03-29 19:31:37,SHIPPED,NORTH
ORD00196,CUST0164,2025-03-22 13:21:08,CANCELLED,CENTRAL
ORD00197,CUST0495,2026-03-18 21:52:27,CANCELLED,SOUTH
ORD00198,CUST0389,2025-10-06 12:46:05,RETURNED,NORTH
ORD00199,CUST0134,2026-01-11 05:15:26,CANCELLED,NORTH
ORD00200,CUST0422,2025-12-09 07:01:03,PLACED,NORTH
ORD00201,CUST0268,2026-05-24 17:35:32,DELIVERED,NORTH
ORD00202,CUST0538,2026-03-24 21:30:59,RETURNED,SOUTH
ORD00203,CUST0347,2026-02-08 04:43:09,RETURNED,CENTRAL
ORD00204,CUST0098,2025-12-03 04:52:11,SHIPPED,WEST
ORD00205,CUST0355,2026-05-31 12:27:47,CANCELLED,SOUTH
ORD00206,CUST0572,2026-04-22 01:32:43,PLACED,NORTH
ORD00207,CUST0161,2026-01-28 16:27:45,CANCELLED,WEST
ORD00208,CUST0170,2025-02-28 03:35:21,CANCELLED,EAST
ORD00209,CUST0247,2025-09-15 00:19:36,DELIVERED,NORTH
ORD00210,CUST0520,2025-06-22 23:33:01,RETURNED,WEST
ORD00211,CUST0413,2025-07-02 12:43:03,PLACED,WEST
ORD00212,CUST0455,2026-03-22 02:08:43,CANCELLED,NORTH
ORD00213,CUST0511,2025-12-14 05:57:13,DELIVERED,NORTH
ORD00214,CUST0510,2026-05-23 11:45:20,PLACED,NORTH
ORD00215,CUST0414,2025-11-17 06:32:51,PLACED,CENTRAL
ORD00216,CUST0563,2025-01-01 03:09:49,PLACED,CENTRAL
ORD00217,CUST0312,2026-01-30 20:06:08,RETURNED,SOUTH
ORD00218,CUST0468,2025-09-22 17:58:58,DELIVERED,NORTH
ORD00219,CUST0229,2025-12-19 23:44:53,DELIVERED,CENTRAL
ORD00220,CUST0485,2026-07-11 15:28:28,DELIVERED,WEST
ORD00221,CUST0117,2025-03-17 16:21:27,SHIPPED,NORTH
ORD00222,CUST0350,2025-10-03 20:16:13,DELIVERED,CENTRAL
ORD00223,CUST0535,2025-10-18 09:49:17,PLACED,NORTH
ORD00224,CUST0169,2026-01-18 11:24:50,SHIPPED,WEST
ORD00225,CUST0110,2025-07-17 12:17:46,RETURNED,SOUTH
ORD00226,CUST0193,2025-04-04 18:51:53,CANCELLED,SOUTH
ORD00227,CUST0469,2025-05-29 00:38:44,DELIVERED,NORTH
ORD00228,CUST0425,2025-02-06 02:49:46,RETURNED,NORTH
ORD00229,CUST0462,2025-12-22 06:19:40,RETURNED,CENTRAL
ORD00230,CUST0138,2026-01-23 10:50:23,PLACED,CENTRAL
ORD00231,CUST0050,2026-03-06 16:53:10,CANCELLED,CENTRAL
ORD00232,CUST0495,2026-01-30 20:00:43,SHIPPED,CENTRAL
ORD00233,CUST0178,2026-07-22 09:24:26,SHIPPED,NORTH
ORD00234,CUST0397,2026-05-26 17:05:41,RETURNED,CENTRAL
ORD00235,CUST0330,2026-01-27 13:17:37,CANCELLED,WEST
ORD00236,CUST0255,2025-08-01 12:11:48,CANCELLED,EAST
ORD00237,CUST0302,2025-12-18 17:39:20,SHIPPED,SOUTH
ORD00238,CUST0423,2026-04-13 23:52:11,RETURNED,EAST
ORD00239,CUST0561,2025-09-01 19:43:16,RETURNED,SOUTH
ORD00240,CUST0206,2025-06-12 21:19:40,RETURNED,EAST
ORD00241,CUST0354,2026-06-07 05:57:16,SHIPPED,SOUTH
ORD00242,CUST0516,2026-02-26 08:46:26,DELIVERED,NORTH
ORD00243,CUST0361,2026-03-13 17:39:46,CANCELLED,CENTRAL
ORD00244,CUST0585,2026-06-03 04:42:44,CANCELLED,CENTRAL
ORD00245,CUST0293,2025-11-25 01:51:09,PLACED,CENTRAL
ORD00246,CUST0110,2025-01-20 15:06:24,CANCELLED,SOUTH
ORD00247,CUST0055,2026-06-05 14:26:36,PLACED,SOUTH
ORD00248,CUST0274,2025-05-06 00:03:11,DELIVERED,EAST
ORD00249,CUST0150,2025-02-18 04:22:32,DELIVERED,SOUTH
ORD00250,CUST0555,2025-01-26 02:14:04,DELIVERED,WEST
ORD00251,CUST0105,2026-04-24 13:06:03,RETURNED,SOUTH
ORD00252,CUST0575,2025-10-30 01:22:22,SHIPPED,CENTRAL
ORD00253,CUST0295,2026-06-23 05:15:52,PLACED,WEST
ORD00254,CUST0397,2025-11-20 13:21:26,DELIVERED,CENTRAL
ORD00255,CUST0056,2025-01-11 01:41:22,DELIVERED,SOUTH
ORD00256,CUST0454,2025-06-25 04:31:43,DELIVERED,CENTRAL
ORD00257,CUST0560,2026-07-28 13:42:22,RETURNED,SOUTH
ORD00258,CUST0199,2025-08-17 11:52:12,CANCELLED,SOUTH
ORD00259,CUST0077,2025-05-26 05:29:45,SHIPPED,CENTRAL
ORD00260,CUST0123,2025-10-20 23:29:04,PLACED,WEST
ORD00261,CUST0286,2026-03-09 07:45:01,DELIVERED,SOUTH
ORD00262,CUST0165,2026-03-30 14:17:20,DELIVERED,NORTH
ORD00263,CUST0339,2025-12-29 05:02:46,SHIPPED,NORTH
ORD00264,CUST0158,2025-09-08 14:15:34,RETURNED,NORTH
ORD00265,CUST0309,2026-01-17 00:31:56,RETURNED,CENTRAL
ORD00266,CUST0367,2025-02-26 14:35:47,DELIVERED,CENTRAL
ORD00267,CUST0226,2025-05-23 19:34:06,RETURNED,NORTH
ORD00268,CUST0518,2025-05-04 18:52:52,CANCELLED,CENTRAL
ORD00269,CUST0550,2025-11-10 08:14:21,PLACED,EAST
ORD00270,CUST0227,2025-06-15 17:12:11,DELIVERED,EAST
ORD00271,CUST0370,2025-08-17 00:37:21,SHIPPED,CENTRAL
ORD00272,CUST0544,2026-01-04 19:58:46,RETURNED,NORTH
ORD00273,CUST0118,2026-06-04 13:55:00,DELIVERED,WEST
ORD00274,CUST0247,2026-05-14 20:40:31,RETURNED,CENTRAL
ORD00275,CUST0250,2025-01-31 23:21:56,DELIVERED,WEST
ORD00276,CUST0117,2025-10-27 17:14:55,DELIVERED,CENTRAL
ORD00277,CUST0290,2025-01-20 04:32:53,RETURNED,EAST
ORD00278,CUST0527,2026-01-31 03:31:07,CANCELLED,WEST
ORD00279,CUST0045,2025-08-19 05:55:46,SHIPPED,EAST
ORD00280,CUST0527,2025-03-05 23:01:49,PLACED,SOUTH
ORD00281,CUST0551,2026-02-19 03:40:37,PLACED,NORTH
ORD00282,CUST0216,2026-06-05 15:57:08,SHIPPED,WEST
ORD00283,CUST0107,2025-06-09 16:16:51,RETURNED,WEST
ORD00284,CUST0074,2026-06-17 20:46:42,SHIPPED,NORTH
ORD00285,CUST0471,2026-07-11 19:23:36,DELIVERED,NORTH
ORD00286,CUST0090,2025-02-26 21:26:32,PLACED,SOUTH
ORD00287,CUST0258,2026-03-10 11:26:37,PLACED,CENTRAL
ORD00288,CUST0234,2025-07-20 21:32:50,CANCELLED,WEST
ORD00289,CUST0462,2026-05-05 12:06:04,CANCELLED,WEST
ORD00290,CUST0324,2025-01-14 02:52:13,CANCELLED,NORTH
ORD00291,CUST0548,2025-01-05 13:57:50,RETURNED,NORTH
ORD00292,CUST0600,2025-02-05 08:29:44,PLACED,EAST
ORD00293,CUST0515,2025-03-24 10:30:35,DELIVERED,EAST
ORD00294,CUST0089,2025-08-07 15:51:55,CANCELLED,WEST
ORD00295,CUST0405,2026-05-29 04:46:21,PLACED,WEST
ORD00296,CUST0161,2026-02-19 08:33:35,SHIPPED,SOUTH
ORD00297,CUST0401,2026-02-28 21:02:29,DELIVERED,SOUTH
ORD00298,CUST0306,2026-06-11 01:34:58,DELIVERED,NORTH
ORD00299,CUST0567,2026-03-08 03:15:00,SHIPPED,NORTH
ORD00300,CUST0043,2025-01-04 21:45:46,RETURNED,CENTRAL
ORD00301,CUST0404,2026-02-22 05:14:23,RETURNED,NORTH
ORD00302,CUST0313,2025-06-13 03:40:10,DELIVERED,SOUTH
ORD00303,CUST0423,2026-05-17 17:02:09,RETURNED,SOUTH
ORD00304,CUST0165,2025-05-23 21:52:22,SHIPPED,CENTRAL
ORD00305,CUST0259,2025-05-31 22:30:11,PLACED,SOUTH
ORD00306,CUST0581,2025-02-12 05:52:17,RETURNED,WEST
ORD00307,CUST0563,2025-02-26 19:30:49,DELIVERED,NORTH
ORD00308,CUST0257,2025-03-18 06:37:31,SHIPPED,CENTRAL
ORD00309,CUST0499,2025-09-14 23:30:30,DELIVERED,SOUTH
ORD00310,CUST0241,2025-03-19 16:58:30,DELIVERED,CENTRAL
ORD00311,CUST0072,2025-05-31 07:04:29,DELIVERED,WEST
ORD00312,CUST0462,2025-09-13 00:48:52,RETURNED,EAST
ORD00313,CUST0599,2025-04-29 08:50:52,RETURNED,CENTRAL
ORD00314,CUST0374,2025-09-03 16:52:38,CANCELLED,SOUTH
ORD00315,CUST0005,2025-09-01 06:44:48,SHIPPED,SOUTH
ORD00316,CUST0447,2025-08-03 21:41:09,DELIVERED,SOUTH
ORD00317,CUST0340,2026-01-08 18:59:25,CANCELLED,WEST
ORD00318,CUST0368,2025-08-26 06:24:25,CANCELLED,CENTRAL
ORD00319,CUST0112,2025-05-17 12:35:35,RETURNED,NORTH
ORD00320,CUST0288,2025-04-19 17:49:12,RETURNED,SOUTH
ORD00321,CUST0270,2026-07-24 18:15:45,PLACED,NORTH
ORD00322,CUST0020,2026-01-29 22:29:20,PLACED,CENTRAL
ORD00323,CUST0593,2025-11-11 16:15:13,RETURNED,SOUTH
ORD00324,CUST0038,2026-03-05 10:27:26,DELIVERED,CENTRAL
ORD00325,CUST0553,2026-01-02 16:39:19,SHIPPED,EAST
ORD00326,CUST0402,2025-06-23 10:44:15,RETURNED,EAST
ORD00327,CUST0138,2025-12-27 22:39:25,RETURNED,CENTRAL
ORD00328,CUST0093,2025-11-05 04:36:41,DELIVERED,CENTRAL
ORD00329,CUST0011,2026-05-30 17:13:20,SHIPPED,CENTRAL
ORD00330,CUST0170,2026-02-04 08:12:08,SHIPPED,WEST
ORD00331,CUST0164,2025-05-20 03:30:29,RETURNED,CENTRAL
ORD00332,CUST0150,2026-07-26 14:32:22,CANCELLED,EAST
ORD00333,CUST0042,2025-06-19 23:05:02,CANCELLED,SOUTH
ORD00334,CUST0065,2025-07-25 07:58:25,DELIVERED,SOUTH
ORD00335,CUST0044,2026-06-04 07:20:20,SHIPPED,CENTRAL
ORD00336,CUST0370,2025-10-29 10:34:47,CANCELLED,WEST
ORD00337,CUST0048,2025-01-31 23:52:38,DELIVERED,NORTH
ORD00338,CUST0534,2026-05-08 02:32:40,DELIVERED,EAST
ORD00339,CUST0593,2026-02-27 19:25:14,RETURNED,SOUTH
ORD00340,CUST0386,2026-05-23 17:23:27,CANCELLED,EAST
ORD00341,CUST0080,2026-02-06 07:17:40,DELIVERED,WEST
ORD00342,CUST0229,2026-02-06 01:52:03,CANCELLED,EAST
ORD00343,CUST0354,2026-01-14 03:45:26,CANCELLED,CENTRAL
ORD00344,CUST0007,2026-01-25 18:55:09,SHIPPED,WEST
ORD00345,CUST0170,2025-06-28 15:20:19,PLACED,CENTRAL
ORD00346,CUST0288,2025-06-14 06:57:52,SHIPPED,SOUTH
ORD00347,CUST0162,2025-10-09 08:19:30,RETURNED,NORTH
ORD00348,CUST0236,2025-11-19 00:57:33,DELIVERED,NORTH
ORD00349,CUST0494,2026-06-09 11:11:19,CANCELLED,WEST
ORD00350,CUST0216,2026-04-04 21:08:26,SHIPPED,WEST
ORD00351,CUST0023,2025-07-09 06:20:37,PLACED,SOUTH
ORD00352,CUST0588,2026-04-06 02:09:38,SHIPPED,SOUTH
ORD00353,CUST0525,2025-01-31 10:34:14,RETURNED,SOUTH
ORD00354,CUST0058,2025-05-10 04:49:40,DELIVERED,SOUTH
ORD00355,CUST0530,2025-11-11 22:15:12,RETURNED,CENTRAL
ORD00356,CUST0020,2026-07-13 21:20:01,DELIVERED,NORTH
ORD00357,CUST0222,2025-12-15 21:45:27,RETURNED,WEST
ORD00358,CUST0494,2025-05-13 11:35:43,SHIPPED,WEST
ORD00359,CUST0147,2026-03-29 13:18:40,SHIPPED,CENTRAL
ORD00360,CUST0524,2025-07-25 11:01:23,SHIPPED,EAST
ORD00361,CUST0465,2026-04-09 08:11:16,RETURNED,NORTH
ORD00362,CUST0236,2025-10-21 18:22:14,CANCELLED,SOUTH
ORD00363,CUST0112,2025-01-13 20:44:59,SHIPPED,CENTRAL
ORD00364,CUST0517,2026-06-16 13:32:27,CANCELLED,SOUTH
ORD00365,CUST0099,2025-05-18 19:23:21,CANCELLED,CENTRAL
ORD00366,CUST0040,2026-02-17 18:34:20,RETURNED,NORTH
ORD00367,CUST0096,2026-01-10 13:37:21,SHIPPED,CENTRAL
ORD00368,CUST0553,2025-01-01 22:22:24,CANCELLED,CENTRAL
ORD00369,CUST0431,2025-10-15 16:20:09,PLACED,CENTRAL
ORD00370,CUST0440,2025-06-28 05:56:01,CANCELLED,WEST
ORD00371,CUST0359,2026-04-03 12:39:07,RETURNED,NORTH
ORD00372,CUST0436,2025-04-14 23:45:43,DELIVERED,WEST
ORD00373,CUST0239,2025-03-07 02:28:22,DELIVERED,CENTRAL
ORD00374,CUST0557,2025-11-14 09:43:36,DELIVERED,SOUTH
ORD00375,CUST0006,2026-07-05 19:29:32,PLACED,CENTRAL
ORD00376,CUST0536,2025-04-02 12:29:03,RETURNED,NORTH
ORD00377,CUST0385,2026-05-24 09:37:26,SHIPPED,EAST
ORD00378,CUST0419,2025-10-09 09:11:54,PLACED,SOUTH
ORD00379,CUST0437,2026-05-22 02:15:20,RETURNED,EAST
ORD00380,CUST0268,2026-02-21 09:43:10,CANCELLED,CENTRAL
ORD00381,CUST0375,2026-04-21 06:16:57,DELIVERED,WEST
ORD00382,CUST0209,2025-11-17 23:07:52,RETURNED,CENTRAL
ORD00383,CUST0495,2025-05-19 19:34:29,DELIVERED,CENTRAL
ORD00384,CUST0569,2026-01-11 17:56:34,DELIVERED,EAST
ORD00385,CUST0592,2025-09-25 11:16:00,CANCELLED,SOUTH
ORD00386,CUST0122,2025-06-28 11:14:51,CANCELLED,SOUTH
ORD00387,CUST0103,2025-06-16 13:47:22,RETURNED,WEST
ORD00388,CUST0347,2026-03-04 15:29:04,RETURNED,NORTH
ORD00389,CUST0165,2025-10-30 05:25:05,PLACED,NORTH
ORD00390,CUST0149,2026-01-02 08:32:27,RETURNED,WEST
ORD00391,CUST0091,2025-02-19 18:32:46,DELIVERED,SOUTH
ORD00392,CUST0380,2025-03-04 04:02:55,RETURNED,NORTH
ORD00393,CUST0394,2025-11-08 04:33:41,RETURNED,CENTRAL
ORD00394,CUST0294,2026-07-07 17:17:38,RETURNED,NORTH
ORD00395,CUST0180,2026-05-13 07:53:42,CANCELLED,WEST
ORD00396,CUST0011,2025-06-06 16:05:43,RETURNED,EAST
ORD00397,CUST0200,2025-01-27 02:31:25,RETURNED,CENTRAL
ORD00398,CUST0529,2026-06-27 12:02:48,SHIPPED,CENTRAL
ORD00399,CUST0174,2026-06-08 12:43:30,PLACED,EAST
ORD00400,CUST0245,2026-05-24 18:26:29,PLACED,SOUTH
ORD00401,CUST0089,2025-08-03 07:50:09,CANCELLED,EAST
ORD00402,CUST0405,2025-11-11 22:09:13,RETURNED,SOUTH
ORD00403,CUST0531,2025-01-12 22:27:09,PLACED,NORTH
ORD00404,CUST0563,2025-08-09 23:20:54,RETURNED,CENTRAL
ORD00405,CUST0357,2025-09-27 21:24:18,DELIVERED,SOUTH
ORD00406,CUST0200,2025-12-20 05:19:20,CANCELLED,CENTRAL
ORD00407,CUST0005,2025-07-22 19:23:48,SHIPPED,WEST
ORD00408,CUST0519,2025-03-24 16:39:02,RETURNED,NORTH
ORD00409,CUST0516,2025-08-17 13:15:05,DELIVERED,NORTH
ORD00410,CUST0526,2025-07-20 03:45:10,RETURNED,CENTRAL
ORD00411,CUST0257,2026-06-24 04:40:27,CANCELLED,WEST
ORD00412,CUST0577,2026-01-11 15:30:52,SHIPPED,EAST
ORD00413,CUST0470,2026-06-14 09:50:44,CANCELLED,CENTRAL
ORD00414,CUST0029,2026-01-10 08:34:30,PLACED,EAST
ORD00415,CUST0070,2025-10-25 05:32:46,SHIPPED,SOUTH
ORD00416,CUST0324,2025-11-17 08:10:38,DELIVERED,CENTRAL
ORD00417,CUST0549,2025-01-08 13:15:12,DELIVERED,SOUTH
ORD00418,CUST0295,2025-03-14 05:49:17,CANCELLED,EAST
ORD00419,CUST0078,2026-03-07 17:35:21,SHIPPED,WEST
ORD00420,CUST0322,2025-10-02 14:25:28,SHIPPED,CENTRAL
ORD00421,CUST0276,2025-05-22 23:20:56,SHIPPED,WEST
ORD00422,CUST0205,2025-07-02 10:07:59,SHIPPED,EAST
ORD00423,CUST0212,2025-06-28 00:44:17,SHIPPED,SOUTH
ORD00424,CUST0365,2025-05-02 03:58:05,PLACED,NORTH
ORD00425,CUST0081,2026-06-09 22:03:03,CANCELLED,CENTRAL
ORD00426,CUST0007,2026-02-25 13:48:21,PLACED,WEST
ORD00427,CUST0381,2026-04-28 02:04:49,DELIVERED,WEST
ORD00428,CUST0589,2025-08-02 09:23:41,CANCELLED,SOUTH
ORD00429,CUST0524,2025-08-06 16:32:54,CANCELLED,SOUTH
ORD00430,CUST0591,2025-04-10 14:40:40,PLACED,CENTRAL
ORD00431,CUST0434,2026-01-07 12:31:56,RETURNED,NORTH
ORD00432,CUST0515,2025-09-27 17:56:07,CANCELLED,SOUTH
ORD00433,CUST0469,2025-04-04 11:49:31,RETURNED,WEST
ORD00434,CUST0324,2026-06-20 07:48:57,PLACED,NORTH
ORD00435,CUST0216,2025-10-22 17:03:02,RETURNED,NORTH
ORD00436,CUST0334,2025-10-08 20:45:21,RETURNED,EAST
ORD00437,CUST0192,2026-03-03 01:57:46,DELIVERED,SOUTH
ORD00438,CUST0276,2026-01-02 02:30:51,RETURNED,EAST
ORD00439,CUST0375,2025-05-23 20:23:57,CANCELLED,WEST
ORD00440,CUST0216,2025-11-22 12:27:31,DELIVERED,EAST
ORD00441,CUST0411,2025-08-06 04:40:20,CANCELLED,SOUTH
ORD00442,CUST0586,2025-04-12 20:36:40,RETURNED,SOUTH
ORD00443,CUST0103,2026-07-14 20:58:26,DELIVERED,SOUTH
ORD00444,CUST0569,2025-12-02 17:08:29,CANCELLED,SOUTH
ORD00445,CUST0150,2026-07-28 15:25:15,SHIPPED,WEST
ORD00446,CUST0010,2025-05-18 04:11:53,CANCELLED,WEST
ORD00447,CUST0138,2026-05-05 20:12:18,RETURNED,CENTRAL
ORD00448,CUST0324,2026-01-13 23:15:28,DELIVERED,EAST
ORD00449,CUST0576,2026-03-18 01:12:09,PLACED,WEST
ORD00450,CUST0102,2026-06-21 08:39:28,SHIPPED,NORTH
ORD00451,CUST0221,2025-07-17 12:18:11,CANCELLED,NORTH
ORD00452,CUST0461,2025-09-17 22:27:00,DELIVERED,EAST
ORD00453,CUST0369,2026-03-12 05:40:54,RETURNED,EAST
ORD00454,CUST0353,2025-01-16 09:45:26,CANCELLED,NORTH
ORD00455,CUST0360,2026-06-12 20:23:54,RETURNED,SOUTH
ORD00456,CUST0591,2026-03-24 07:27:02,RETURNED,SOUTH
ORD00457,CUST0292,2025-10-03 19:42:44,DELIVERED,CENTRAL
ORD00458,CUST0500,2026-07-27 01:50:34,CANCELLED,NORTH
ORD00459,CUST0391,2026-04-22 15:31:18,DELIVERED,WEST
ORD00460,CUST0149,2025-05-11 03:50:03,DELIVERED,WEST
ORD00461,CUST0586,2025-11-11 09:30:37,PLACED,NORTH
ORD00462,CUST0166,2025-09-24 21:38:36,SHIPPED,EAST
ORD00463,CUST0325,2026-05-23 05:02:47,DELIVERED,EAST
ORD00464,CUST0405,2025-07-30 16:25:51,CANCELLED,EAST
ORD00465,CUST0534,2025-12-16 17:59:20,CANCELLED,SOUTH
ORD00466,CUST0189,2025-01-18 22:38:08,SHIPPED,SOUTH
ORD00467,CUST0258,2026-06-29 05:56:14,PLACED,SOUTH
ORD00468,CUST0171,2025-11-05 09:27:58,PLACED,NORTH
ORD00469,CUST0066,2026-01-03 12:49:21,RETURNED,NORTH
ORD00470,CUST0027,2025-11-05 08:50:59,RETURNED,NORTH
ORD00471,CUST0107,2025-07-23 20:27:53,RETURNED,SOUTH
ORD00472,CUST0087,2026-05-24 14:57:56,CANCELLED,EAST
ORD00473,CUST0235,2025-07-12 03:48:19,DELIVERED,WEST
ORD00474,CUST0130,2025-04-12 23:10:57,RETURNED,SOUTH
ORD00475,CUST0030,2025-01-28 07:20:10,DELIVERED,EAST
ORD00476,CUST0488,2025-12-29 21:07:03,RETURNED,EAST
ORD00477,CUST0562,2025-12-12 12:30:38,SHIPPED,CENTRAL
ORD00478,CUST0182,2026-04-04 21:53:12,RETURNED,WEST
ORD00479,CUST0578,2025-12-04 20:33:57,RETURNED,CENTRAL
ORD00480,CUST0318,2025-09-27 15:41:10,CANCELLED,CENTRAL
ORD00481,CUST0233,2025-03-11 13:24:28,CANCELLED,EAST
ORD00482,CUST0375,2025-11-17 04:02:09,DELIVERED,SOUTH
ORD00483,CUST0311,2025-01-09 04:46:29,PLACED,CENTRAL
ORD00484,CUST0140,2025-09-25 02:28:46,DELIVERED,WEST
ORD00485,CUST0548,2025-01-07 11:02:31,CANCELLED,WEST
ORD00486,CUST0307,2025-01-08 02:14:38,CANCELLED,EAST
ORD00487,CUST0237,2025-01-06 14:33:10,RETURNED,EAST
ORD00488,CUST0194,2025-11-16 19:18:46,RETURNED,WEST
ORD00489,CUST0405,2025-07-14 02:24:04,SHIPPED,WEST
ORD00490,CUST0388,2025-06-21 08:08:27,DELIVERED,NORTH
ORD00491,CUST0433,2026-05-01 16:51:57,SHIPPED,CENTRAL
ORD00492,CUST0279,2025-08-10 02:45:40,RETURNED,EAST
ORD00493,CUST0423,2025-05-27 00:35:08,PLACED,SOUTH
ORD00494,CUST0140,2025-08-13 22:26:51,PLACED,WEST
ORD00495,CUST0464,2025-07-31 08:56:52,RETURNED,WEST
ORD00496,CUST0193,2025-09-07 01:13:56,PLACED,SOUTH
ORD00497,CUST0051,2026-02-20 12:34:39,PLACED,SOUTH
ORD00498,CUST0105,2025-08-08 02:59:46,DELIVERED,SOUTH
ORD00499,CUST0449,2026-07-19 18:15:29,PLACED,SOUTH
ORD00500,CUST0093,2025-04-28 00:56:51,PLACED,WEST
ORD00501,CUST0223,2025-09-23 13:43:03,CANCELLED,EAST
ORD00502,CUST0511,2025-10-16 11:20:36,CANCELLED,NORTH
ORD00503,CUST0339,2025-03-04 07:28:00,SHIPPED,NORTH
ORD00504,CUST0273,2025-11-01 19:16:19,PLACED,CENTRAL
ORD00505,CUST0482,2025-05-22 01:20:20,SHIPPED,EAST
ORD00506,CUST0391,2025-01-10 19:10:11,PLACED,SOUTH
ORD00507,CUST0395,2025-12-11 01:23:25,SHIPPED,NORTH
ORD00508,CUST0204,2025-12-24 22:34:48,PLACED,CENTRAL
ORD00509,CUST0214,2026-01-03 06:06:25,CANCELLED,EAST
ORD00510,CUST0331,2025-05-04 04:43:53,PLACED,CENTRAL
ORD00511,CUST0534,2025-04-05 20:52:58,DELIVERED,WEST
ORD00512,CUST0306,2025-06-04 08:28:37,DELIVERED,NORTH
ORD00513,CUST0224,2025-03-29 17:08:20,SHIPPED,WEST
ORD00514,CUST0333,2025-01-12 16:52:56,SHIPPED,EAST
ORD00515,CUST0599,2025-04-03 22:25:48,CANCELLED,SOUTH
ORD00516,CUST0010,2025-02-02 14:48:47,RETURNED,WEST
ORD00517,CUST0159,2025-10-16 11:22:22,PLACED,SOUTH
ORD00518,CUST0162,2026-01-24 07:10:10,PLACED,CENTRAL
ORD00519,CUST0347,2026-05-01 13:18:40,PLACED,NORTH
ORD00520,CUST0365,2026-05-16 15:44:49,SHIPPED,CENTRAL
ORD00521,CUST0110,2025-04-08 17:35:37,CANCELLED,SOUTH
ORD00522,CUST0325,2026-03-10 16:24:23,DELIVERED,WEST
ORD00523,CUST0198,2025-01-17 14:02:44,CANCELLED,EAST
ORD00524,CUST0138,2025-07-14 17:18:59,PLACED,WEST
ORD00525,CUST0449,2026-03-11 04:58:38,DELIVERED,CENTRAL
ORD00526,CUST0502,2025-05-28 09:40:40,RETURNED,SOUTH
ORD00527,CUST0557,2025-09-28 00:56:21,DELIVERED,WEST
ORD00528,CUST0282,2026-04-11 00:12:10,RETURNED,SOUTH
ORD00529,CUST0071,2026-02-17 13:07:09,SHIPPED,WEST
ORD00530,CUST0303,2025-07-24 13:11:10,RETURNED,EAST
ORD00531,CUST0465,2025-01-01 13:25:06,RETURNED,WEST
ORD00532,CUST0190,2025-01-15 12:57:48,RETURNED,EAST
ORD00533,CUST0245,2025-09-07 02:10:16,PLACED,CENTRAL
ORD00534,CUST0397,2025-05-28 11:25:23,RETURNED,WEST
ORD00535,CUST0565,2025-04-30 17:13:10,RETURNED,EAST
ORD00536,CUST0331,2025-11-15 07:18:36,DELIVERED,NORTH
ORD00537,CUST0099,2026-02-11 09:09:53,PLACED,NORTH
ORD00538,CUST0133,2025-05-19 18:04:06,PLACED,SOUTH
ORD00539,CUST0110,2026-01-12 23:57:28,SHIPPED,NORTH
ORD00540,CUST0033,2026-03-20 12:26:18,CANCELLED,WEST
ORD00541,CUST0539,2026-04-30 15:39:10,RETURNED,EAST
ORD00542,CUST0051,2025-10-12 13:20:02,SHIPPED,CENTRAL
ORD00543,CUST0073,2025-01-11 03:56:33,SHIPPED,WEST
ORD00544,CUST0082,2025-12-30 13:15:17,PLACED,EAST
ORD00545,CUST0572,2025-11-20 01:55:46,DELIVERED,NORTH
ORD00546,CUST0273,2026-02-15 21:39:47,PLACED,NORTH
ORD00547,CUST0312,2025-03-02 12:49:14,SHIPPED,CENTRAL
ORD00548,CUST0100,2025-03-20 14:58:22,SHIPPED,CENTRAL
ORD00549,CUST0395,2025-05-28 03:47:53,SHIPPED,CENTRAL
ORD00550,CUST0255,2026-03-19 18:05:09,SHIPPED,CENTRAL
ORD00551,CUST0572,2025-11-19 11:36:06,PLACED,CENTRAL
ORD00552,CUST0367,2026-06-08 21:27:09,CANCELLED,WEST
ORD00553,CUST0107,2025-05-10 13:33:03,SHIPPED,CENTRAL
ORD00554,CUST0412,2026-01-28 00:09:19,DELIVERED,SOUTH
ORD00555,CUST0547,2026-04-11 23:14:23,CANCELLED,EAST
ORD00556,CUST0323,2026-03-04 06:15:33,DELIVERED,EAST
ORD00557,CUST0423,2026-05-07 20:27:52,CANCELLED,EAST
ORD00558,CUST0247,2026-03-14 09:46:41,RETURNED,SOUTH
ORD00559,CUST0385,2026-03-04 09:11:34,DELIVERED,EAST
ORD00560,CUST0464,2025-12-14 14:00:02,CANCELLED,NORTH
ORD00561,CUST0036,2025-08-09 23:07:55,RETURNED,NORTH
ORD00562,CUST0531,2025-04-15 22:10:48,DELIVERED,NORTH
ORD00563,CUST0308,2025-06-22 08:16:04,SHIPPED,EAST
ORD00564,CUST0023,2026-06-20 17:17:50,DELIVERED,CENTRAL
ORD00565,CUST0524,2026-03-09 02:36:50,RETURNED,CENTRAL
ORD00566,CUST0159,2025-03-15 05:38:22,PLACED,WEST
ORD00567,CUST0365,2025-05-02 06:02:50,SHIPPED,EAST
ORD00568,CUST0376,2026-03-29 04:10:08,SHIPPED,SOUTH
ORD00569,CUST0263,2025-08-22 06:02:35,PLACED,CENTRAL
ORD00570,CUST0410,2026-03-19 00:08:21,SHIPPED,NORTH
ORD00571,CUST0333,2026-01-10 19:04:13,SHIPPED,WEST
ORD00572,CUST0591,2025-03-16 01:42:53,RETURNED,EAST
ORD00573,CUST0039,2026-07-22 14:54:03,RETURNED,WEST
ORD00574,CUST0081,2025-02-13 10:28:29,DELIVERED,EAST
ORD00575,CUST0445,2025-11-20 12:31:38,PLACED,SOUTH
ORD00576,CUST0012,2026-05-08 08:30:43,CANCELLED,NORTH
ORD00577,CUST0313,2026-02-12 07:12:51,PLACED,EAST
ORD00578,CUST0553,2026-03-15 18:44:22,SHIPPED,EAST
ORD00579,CUST0515,2026-06-26 23:21:01,SHIPPED,SOUTH
ORD00580,CUST0052,2026-06-08 05:28:15,CANCELLED,WEST
ORD00581,CUST0590,2026-01-28 00:50:13,PLACED,SOUTH
ORD00582,CUST0443,2025-08-14 01:56:49,CANCELLED,SOUTH
ORD00583,CUST0136,2025-09-19 02:37:44,PLACED,WEST
ORD00584,CUST0586,2025-02-08 07:13:31,RETURNED,WEST
ORD00585,CUST0269,2025-03-08 01:59:14,CANCELLED,CENTRAL
ORD00586,CUST0445,2026-06-27 01:14:57,SHIPPED,SOUTH
ORD00587,CUST0493,2026-03-11 10:02:11,SHIPPED,WEST
ORD00588,CUST0405,2026-05-22 14:47:31,RETURNED,SOUTH
ORD00589,CUST0575,2026-04-24 11:00:47,RETURNED,SOUTH
ORD00590,CUST0249,2025-02-25 15:32:26,DELIVERED,WEST
ORD00591,CUST0332,2026-06-16 20:26:27,RETURNED,NORTH
ORD00592,CUST0116,2026-06-06 18:16:55,CANCELLED,WEST
ORD00593,CUST0375,2025-09-28 12:55:44,SHIPPED,EAST
ORD00594,CUST0353,2026-04-07 06:40:20,PLACED,EAST
ORD00595,CUST0174,2025-09-29 15:11:10,RETURNED,WEST
ORD00596,CUST0150,2025-12-09 02:50:00,PLACED,SOUTH
ORD00597,CUST0205,2026-06-17 08:01:19,DELIVERED,SOUTH
ORD00598,CUST0088,2025-03-29 06:45:39,PLACED,SOUTH
ORD00599,CUST0152,2025-08-12 10:50:19,PLACED,EAST
ORD00600,CUST0114,2025-08-25 23:48:45,CANCELLED,WEST
ORD00601,CUST0024,2025-09-15 18:37:49,SHIPPED,CENTRAL
ORD00602,CUST0217,2025-06-08 07:07:57,RETURNED,CENTRAL
ORD00603,CUST0265,2026-03-03 06:22:28,CANCELLED,CENTRAL
ORD00604,CUST0145,2026-06-24 21:03:54,PLACED,WEST
ORD00605,CUST0597,2026-05-31 09:03:53,RETURNED,NORTH
ORD00606,CUST0262,2025-05-13 06:59:18,PLACED,EAST
ORD00607,CUST0206,2026-06-26 00:11:54,RETURNED,EAST
ORD00608,CUST0055,2025-12-28 03:29:52,PLACED,NORTH
ORD00609,CUST0398,2026-05-28 22:14:30,DELIVERED,EAST
ORD00610,CUST0111,2025-01-15 19:38:44,DELIVERED,WEST
ORD00611,CUST0237,2025-10-23 16:47:05,RETURNED,NORTH
ORD00612,CUST0324,2026-01-12 10:45:26,RETURNED,CENTRAL
ORD00613,CUST0091,2025-05-25 19:04:19,SHIPPED,CENTRAL
ORD00614,CUST0469,2026-03-12 11:58:23,PLACED,NORTH
ORD00615,CUST0254,2026-02-16 05:01:03,DELIVERED,EAST
ORD00616,CUST0502,2025-11-02 13:30:14,SHIPPED,NORTH
ORD00617,CUST0356,2026-06-16 12:29:17,DELIVERED,EAST
ORD00618,CUST0310,2025-07-03 11:10:33,RETURNED,EAST
ORD00619,CUST0064,2026-05-02 01:36:54,DELIVERED,WEST
ORD00620,CUST0031,2026-03-08 00:49:09,DELIVERED,SOUTH
ORD00621,CUST0156,2025-09-23 11:21:20,CANCELLED,SOUTH
ORD00622,CUST0090,2026-07-21 22:07:46,CANCELLED,CENTRAL
ORD00623,CUST0233,2025-11-21 03:39:26,SHIPPED,CENTRAL
ORD00624,CUST0157,2025-11-28 05:53:01,DELIVERED,CENTRAL
ORD00625,CUST0338,2025-12-15 21:07:13,RETURNED,SOUTH
ORD00626,CUST0212,2026-05-22 18:58:18,SHIPPED,CENTRAL
ORD00627,CUST0555,2026-06-16 07:35:26,SHIPPED,SOUTH
ORD00628,CUST0317,2026-06-19 19:10:06,RETURNED,SOUTH
ORD00629,CUST0441,2025-04-23 17:50:12,RETURNED,SOUTH
ORD00630,CUST0326,2025-02-22 16:08:43,RETURNED,CENTRAL
ORD00631,CUST0122,2025-05-24 00:31:45,DELIVERED,SOUTH
ORD00632,CUST0031,2025-09-05 12:45:52,CANCELLED,WEST
ORD00633,CUST0311,2025-12-11 02:12:07,DELIVERED,SOUTH
ORD00634,CUST0193,2025-03-24 22:21:49,SHIPPED,SOUTH
ORD00635,CUST0027,2026-04-21 08:09:49,RETURNED,EAST
ORD00636,CUST0581,2026-04-21 15:15:19,SHIPPED,CENTRAL
ORD00637,CUST0238,2025-06-29 08:31:07,PLACED,EAST
ORD00638,CUST0082,2026-06-19 11:52:59,CANCELLED,SOUTH
ORD00639,CUST0515,2026-04-15 16:38:39,CANCELLED,EAST
ORD00640,CUST0189,2025-10-28 22:46:59,CANCELLED,WEST
ORD00641,CUST0141,2025-05-08 05:11:57,SHIPPED,SOUTH
ORD00642,CUST0034,2025-11-14 08:39:14,PLACED,EAST
ORD00643,CUST0423,2025-06-22 20:42:40,SHIPPED,SOUTH
ORD00644,CUST0068,2025-05-18 12:58:36,CANCELLED,CENTRAL
ORD00645,CUST0502,2026-06-19 06:41:24,DELIVERED,WEST
ORD00646,CUST0253,2025-11-29 02:12:56,CANCELLED,NORTH
ORD00647,CUST0390,2026-07-14 09:31:05,DELIVERED,WEST
ORD00648,CUST0586,2026-04-07 05:20:32,RETURNED,CENTRAL
ORD00649,CUST0040,2026-02-09 09:36:09,PLACED,WEST
ORD00650,CUST0468,2025-02-02 22:41:23,SHIPPED,CENTRAL
ORD00651,CUST0551,2025-11-04 06:43:37,PLACED,CENTRAL
ORD00652,CUST0397,2026-02-05 21:17:55,PLACED,SOUTH
ORD00653,CUST0299,2025-12-08 09:52:41,CANCELLED,EAST
ORD00654,CUST0293,2025-12-25 08:08:04,SHIPPED,WEST
ORD00655,CUST0302,2026-04-22 05:39:04,PLACED,CENTRAL
ORD00656,CUST0146,2025-12-27 01:44:16,CANCELLED,NORTH
ORD00657,CUST0513,2025-03-29 21:40:16,SHIPPED,CENTRAL
ORD00658,CUST0560,2025-04-16 02:17:57,CANCELLED,WEST
ORD00659,CUST0332,2025-12-17 05:07:17,PLACED,SOUTH
ORD00660,CUST0465,2026-04-04 12:16:40,SHIPPED,WEST
ORD00661,CUST0093,2025-07-14 05:52:18,DELIVERED,SOUTH
ORD00662,CUST0127,2025-03-12 19:55:40,PLACED,WEST
ORD00663,CUST0372,2025-03-08 06:13:45,RETURNED,WEST
ORD00664,CUST0524,2026-04-21 09:51:32,SHIPPED,WEST
ORD00665,CUST0564,2025-10-23 15:01:44,PLACED,SOUTH
ORD00666,CUST0344,2026-03-16 05:31:37,SHIPPED,SOUTH
ORD00667,CUST0149,2025-05-19 22:19:05,PLACED,WEST
ORD00668,CUST0316,2025-08-29 09:50:21,CANCELLED,EAST
ORD00669,CUST0186,2025-04-02 07:21:53,SHIPPED,SOUTH
ORD00670,CUST0004,2026-04-29 13:21:56,DELIVERED,NORTH
ORD00671,CUST0470,2026-01-22 12:27:03,CANCELLED,CENTRAL
ORD00672,CUST0006,2026-04-18 05:38:30,CANCELLED,SOUTH
ORD00673,CUST0223,2026-04-03 09:11:21,CANCELLED,WEST
ORD00674,CUST0420,2025-12-10 05:09:13,PLACED,CENTRAL
ORD00675,CUST0007,2025-07-10 01:47:02,RETURNED,EAST
ORD00676,CUST0571,2025-06-11 06:38:43,PLACED,SOUTH
ORD00677,CUST0152,2025-02-12 18:27:58,DELIVERED,NORTH
ORD00678,CUST0149,2025-01-26 04:34:40,RETURNED,CENTRAL
ORD00679,CUST0306,2025-09-15 04:21:28,PLACED,NORTH
ORD00680,CUST0112,2025-11-20 20:38:25,SHIPPED,SOUTH
ORD00681,CUST0292,2026-04-20 15:32:19,RETURNED,CENTRAL
ORD00682,CUST0576,2025-05-18 19:20:05,CANCELLED,CENTRAL
ORD00683,CUST0369,2025-01-28 20:06:24,PLACED,EAST
ORD00684,CUST0331,2025-10-14 06:37:55,CANCELLED,NORTH
ORD00685,CUST0438,2026-03-04 13:31:29,PLACED,EAST
ORD00686,CUST0483,2025-04-15 12:06:55,PLACED,EAST
ORD00687,CUST0338,2026-02-14 08:58:30,CANCELLED,CENTRAL
ORD00688,CUST0215,2026-06-25 11:12:07,SHIPPED,CENTRAL
ORD00689,CUST0060,2025-03-26 21:32:28,RETURNED,CENTRAL
ORD00690,CUST0090,2026-01-11 16:07:53,RETURNED,EAST
ORD00691,CUST0438,2026-04-18 21:41:09,DELIVERED,EAST
ORD00692,CUST0539,2026-03-23 17:26:12,RETURNED,EAST
ORD00693,CUST0133,2026-04-23 03:11:42,RETURNED,WEST
ORD00694,CUST0533,2026-07-21 08:59:19,CANCELLED,WEST
ORD00695,CUST0185,2026-04-19 08:08:48,SHIPPED,EAST
ORD00696,CUST0199,2025-01-02 05:28:13,PLACED,NORTH
ORD00697,CUST0477,2026-05-01 19:25:59,PLACED,SOUTH
ORD00698,CUST0425,2025-11-18 14:17:10,PLACED,EAST
ORD00699,CUST0359,2026-03-12 06:54:07,SHIPPED,NORTH
ORD00700,CUST0207,2026-06-20 22:51:01,DELIVERED,EAST
ORD00701,CUST0070,2025-08-28 01:17:46,DELIVERED,CENTRAL
ORD00702,CUST0564,2025-09-09 14:22:40,PLACED,NORTH
ORD00703,CUST0342,2025-09-23 03:26:28,CANCELLED,CENTRAL
ORD00704,CUST0030,2025-05-17 09:57:48,SHIPPED,EAST
ORD00705,CUST0347,2026-06-07 07:48:16,CANCELLED,WEST
ORD00706,CUST0037,2026-05-17 11:49:47,SHIPPED,WEST
ORD00707,CUST0160,2026-05-03 03:51:52,CANCELLED,CENTRAL
ORD00708,CUST0344,2025-12-26 05:04:01,CANCELLED,NORTH
ORD00709,CUST0534,2025-08-21 12:10:18,RETURNED,EAST
ORD00710,CUST0569,2026-02-21 05:37:45,PLACED,SOUTH
ORD00711,CUST0592,2026-06-17 10:31:16,DELIVERED,EAST
ORD00712,CUST0068,2025-04-26 23:14:42,DELIVERED,NORTH
ORD00713,CUST0348,2025-10-19 10:59:42,RETURNED,SOUTH
ORD00714,CUST0585,2026-04-16 10:51:46,CANCELLED,SOUTH
ORD00715,CUST0120,2025-08-28 10:46:55,DELIVERED,NORTH
ORD00716,CUST0279,2025-11-18 11:05:16,PLACED,WEST
ORD00717,CUST0244,2025-10-16 14:49:11,CANCELLED,EAST
ORD00718,CUST0222,2026-02-12 20:34:52,DELIVERED,SOUTH
ORD00719,CUST0115,2025-10-18 15:53:09,PLACED,SOUTH
ORD00720,CUST0095,2025-12-11 16:32:55,RETURNED,NORTH
ORD00721,CUST0495,2026-01-24 09:41:16,SHIPPED,SOUTH
ORD00722,CUST0349,2026-01-11 12:34:12,RETURNED,EAST
ORD00723,CUST0336,2025-04-22 07:12:47,PLACED,CENTRAL
ORD00724,CUST0136,2025-06-09 08:57:53,PLACED,WEST
ORD00725,CUST0397,2026-07-09 07:54:38,RETURNED,NORTH
ORD00726,CUST0005,2025-08-30 13:06:42,PLACED,CENTRAL
ORD00727,CUST0090,2025-09-16 20:58:16,CANCELLED,NORTH
ORD00728,CUST0106,2026-02-09 08:16:18,DELIVERED,NORTH
ORD00729,CUST0592,2025-08-31 10:45:55,SHIPPED,EAST
ORD00730,CUST0206,2025-05-30 13:18:39,DELIVERED,EAST
ORD00731,CUST0546,2025-09-05 21:22:59,CANCELLED,NORTH
ORD00732,CUST0280,2025-04-26 23:32:24,SHIPPED,EAST
ORD00733,CUST0118,2025-01-12 20:24:20,RETURNED,CENTRAL
ORD00734,CUST0527,2025-03-21 12:24:49,SHIPPED,CENTRAL
ORD00735,CUST0359,2026-03-03 16:55:05,DELIVERED,EAST
ORD00736,CUST0145,2026-07-02 02:06:16,DELIVERED,CENTRAL
ORD00737,CUST0251,2025-05-14 00:47:49,PLACED,EAST
ORD00738,CUST0347,2026-02-24 21:05:15,CANCELLED,NORTH
ORD00739,CUST0134,2025-01-23 12:27:46,CANCELLED,NORTH
ORD00740,CUST0109,2025-10-25 22:48:56,PLACED,NORTH
ORD00741,CUST0437,2025-11-01 09:51:28,SHIPPED,CENTRAL
ORD00742,CUST0457,2026-04-24 16:57:02,DELIVERED,EAST
ORD00743,CUST0341,2025-06-03 21:43:49,RETURNED,NORTH
ORD00744,CUST0477,2026-03-18 00:21:35,SHIPPED,NORTH
ORD00745,CUST0480,2025-03-17 13:06:49,CANCELLED,EAST
ORD00746,CUST0477,2026-01-01 11:36:39,SHIPPED,SOUTH
ORD00747,CUST0148,2026-04-25 04:38:02,DELIVERED,EAST
ORD00748,CUST0402,2025-05-23 09:56:56,DELIVERED,EAST
ORD00749,CUST0465,2026-01-14 15:47:03,PLACED,NORTH
ORD00750,CUST0487,2025-03-29 16:22:02,DELIVERED,WEST
ORD00751,CUST0473,2025-05-13 15:58:17,DELIVERED,EAST
ORD00752,CUST0589,2025-04-09 22:47:46,RETURNED,NORTH
ORD00753,CUST0416,2026-07-09 19:00:55,PLACED,EAST
ORD00754,CUST0570,2026-05-20 10:39:06,PLACED,EAST
ORD00755,CUST0546,2025-12-25 01:11:38,CANCELLED,CENTRAL
ORD00756,CUST0424,2025-07-05 07:21:56,RETURNED,SOUTH
ORD00757,CUST0562,2025-05-04 12:21:10,CANCELLED,WEST
ORD00758,CUST0068,2025-09-22 15:22:20,SHIPPED,CENTRAL
ORD00759,CUST0442,2025-12-05 03:34:52,RETURNED,EAST
ORD00760,CUST0558,2026-06-24 03:34:47,SHIPPED,SOUTH
ORD00761,CUST0080,2026-07-29 06:48:02,RETURNED,WEST
ORD00762,CUST0118,2026-04-05 22:43:15,RETURNED,WEST
ORD00763,CUST0334,2026-03-08 03:35:05,PLACED,WEST
ORD00764,CUST0181,2025-08-28 06:12:07,CANCELLED,NORTH
ORD00765,CUST0112,2026-06-17 10:48:28,RETURNED,WEST
ORD00766,CUST0336,2026-01-19 22:19:45,PLACED,NORTH
ORD00767,CUST0223,2025-04-18 21:35:44,RETURNED,NORTH
ORD00768,CUST0151,2026-05-29 07:43:19,SHIPPED,WEST
ORD00769,CUST0545,2025-08-15 10:00:52,CANCELLED,CENTRAL
ORD00770,CUST0592,2025-12-14 07:39:44,SHIPPED,SOUTH
ORD00771,CUST0325,2025-08-21 19:28:17,RETURNED,EAST
ORD00772,CUST0446,2026-07-12 12:35:53,DELIVERED,NORTH
ORD00773,CUST0597,2025-01-07 07:21:13,RETURNED,CENTRAL
ORD00774,CUST0414,2025-04-10 01:48:37,DELIVERED,NORTH
ORD00775,CUST0379,2026-03-03 07:57:37,PLACED,NORTH
ORD00776,CUST0574,2025-10-07 00:48:19,PLACED,EAST
ORD00777,CUST0032,2025-07-02 17:12:47,CANCELLED,CENTRAL
ORD00778,CUST0404,2026-05-01 14:50:21,DELIVERED,WEST
ORD00779,CUST0416,2025-10-24 08:53:16,CANCELLED,CENTRAL
ORD00780,CUST0217,2026-05-30 13:39:47,SHIPPED,WEST
ORD00781,CUST0143,2025-05-27 04:48:09,RETURNED,WEST
ORD00782,CUST0369,2025-11-21 01:50:00,SHIPPED,EAST
ORD00783,CUST0129,2025-04-15 07:06:47,PLACED,NORTH
ORD00784,CUST0017,2025-04-22 20:16:40,CANCELLED,WEST
ORD00785,CUST0140,2025-03-07 18:14:27,SHIPPED,WEST
ORD00786,CUST0467,2026-06-25 03:01:07,RETURNED,WEST
ORD00787,CUST0185,2025-12-19 22:31:29,RETURNED,WEST
ORD00788,CUST0566,2025-12-16 13:27:40,CANCELLED,EAST
ORD00789,CUST0232,2025-05-25 07:23:45,CANCELLED,CENTRAL
ORD00790,CUST0008,2026-03-25 21:33:16,CANCELLED,SOUTH
ORD00791,CUST0514,2025-07-29 03:11:31,CANCELLED,CENTRAL
ORD00792,CUST0591,2025-10-13 00:49:01,PLACED,NORTH
ORD00793,CUST0582,2026-01-11 08:46:15,DELIVERED,NORTH
ORD00794,CUST0595,2026-01-10 00:25:26,PLACED,SOUTH
ORD00795,CUST0540,2025-08-06 00:46:23,CANCELLED,CENTRAL
ORD00796,CUST0081,2026-02-11 12:04:39,RETURNED,NORTH
ORD00797,CUST0252,2026-01-02 23:08:08,PLACED,CENTRAL
ORD00798,CUST0594,2025-08-31 17:25:01,RETURNED,NORTH
ORD00799,CUST0352,2026-02-20 13:44:34,PLACED,WEST
ORD00800,CUST0465,2026-02-03 04:43:58,CANCELLED,CENTRAL
ORD00801,CUST0340,2025-11-24 00:18:32,DELIVERED,EAST
ORD00802,CUST0297,2025-05-11 02:34:42,PLACED,CENTRAL
ORD00803,CUST0312,2026-07-19 15:44:05,RETURNED,EAST
ORD00804,CUST0063,2026-05-04 19:00:11,CANCELLED,CENTRAL
ORD00805,CUST0174,2026-03-21 22:53:03,PLACED,EAST
ORD00806,CUST0028,2025-08-11 18:37:52,CANCELLED,NORTH
ORD00807,CUST0130,2026-01-28 16:59:40,PLACED,EAST
ORD00808,CUST0259,2025-04-13 22:42:05,RETURNED,EAST
ORD00809,CUST0282,2025-07-19 14:00:06,PLACED,NORTH
ORD00810,CUST0179,2026-04-05 15:23:40,SHIPPED,WEST
ORD00811,CUST0379,2025-05-17 05:40:52,DELIVERED,SOUTH
ORD00812,CUST0497,2025-05-21 10:31:39,RETURNED,NORTH
ORD00813,CUST0352,2025-03-07 13:21:26,SHIPPED,CENTRAL
ORD00814,CUST0158,2026-01-21 05:08:45,CANCELLED,WEST
ORD00815,CUST0244,2026-05-29 03:43:51,CANCELLED,SOUTH
ORD00816,CUST0216,2026-03-25 18:10:42,DELIVERED,NORTH
ORD00817,CUST0271,2025-04-01 02:17:30,PLACED,SOUTH
ORD00818,CUST0476,2025-11-06 17:08:30,CANCELLED,EAST
ORD00819,CUST0488,2026-02-18 14:54:28,SHIPPED,WEST
ORD00820,CUST0400,2026-01-04 14:59:27,DELIVERED,SOUTH
ORD00821,CUST0544,2025-12-04 16:02:07,PLACED,EAST
ORD00822,CUST0460,2025-10-24 17:04:20,DELIVERED,CENTRAL
ORD00823,CUST0043,2025-03-17 15:00:08,RETURNED,EAST
ORD00824,CUST0443,2026-04-20 04:16:32,DELIVERED,EAST
ORD00825,CUST0277,2025-07-27 10:52:39,PLACED,EAST
ORD00826,CUST0599,2025-10-31 19:38:04,CANCELLED,SOUTH
ORD00827,CUST0200,2026-02-08 20:36:49,DELIVERED,SOUTH
ORD00828,CUST0321,2026-03-02 08:14:16,PLACED,NORTH
ORD00829,CUST0070,2025-01-10 06:58:36,CANCELLED,NORTH
ORD00830,CUST0538,2025-03-22 16:58:19,CANCELLED,EAST
ORD00831,CUST0225,2026-07-18 07:39:07,DELIVERED,EAST
ORD00832,CUST0198,2025-01-27 10:35:04,PLACED,CENTRAL
ORD00833,CUST0095,2025-02-14 04:21:20,RETURNED,SOUTH
ORD00834,CUST0125,2026-07-04 23:28:35,PLACED,NORTH
ORD00835,CUST0134,2025-10-20 00:22:23,RETURNED,SOUTH
ORD00836,CUST0114,2026-06-25 07:55:25,SHIPPED,EAST
ORD00837,CUST0302,2025-12-29 16:40:58,PLACED,WEST
ORD00838,CUST0284,2025-11-28 15:32:50,DELIVERED,EAST
ORD00839,CUST0166,2025-02-27 11:24:18,DELIVERED,NORTH
ORD00840,CUST0392,2025-10-29 19:51:02,DELIVERED,NORTH
ORD00841,CUST0265,2025-07-25 13:42:37,SHIPPED,WEST
ORD00842,CUST0072,2026-01-17 22:21:30,SHIPPED,CENTRAL
ORD00843,CUST0403,2025-05-19 14:24:11,CANCELLED,NORTH
ORD00844,CUST0148,2026-02-24 22:06:49,CANCELLED,SOUTH
ORD00845,CUST0109,2025-12-09 23:40:46,DELIVERED,NORTH
ORD00846,CUST0036,2025-02-26 15:19:05,PLACED,CENTRAL
ORD00847,CUST0257,2025-12-13 07:50:38,PLACED,WEST
ORD00848,CUST0153,2026-05-23 02:17:30,PLACED,NORTH
ORD00849,CUST0400,2025-07-26 22:44:09,SHIPPED,EAST
ORD00850,CUST0401,2026-03-23 08:04:14,PLACED,CENTRAL
ORD00851,CUST0503,2026-01-07 09:09:53,CANCELLED,WEST
ORD00852,CUST0072,2026-02-24 12:43:44,SHIPPED,NORTH
ORD00853,CUST0394,2026-06-20 08:45:43,CANCELLED,NORTH
ORD00854,CUST0581,2026-02-20 18:47:28,DELIVERED,EAST
ORD00855,CUST0311,2025-11-08 04:00:04,PLACED,NORTH
ORD00856,CUST0375,2026-02-20 06:09:23,DELIVERED,NORTH
ORD00857,CUST0471,2025-08-14 05:13:16,SHIPPED,SOUTH
ORD00858,CUST0568,2025-01-31 13:11:10,CANCELLED,SOUTH
ORD00859,CUST0307,2026-06-25 12:11:09,CANCELLED,NORTH
ORD00860,CUST0368,2026-01-13 21:05:00,PLACED,WEST
ORD00861,CUST0195,2025-04-19 16:43:32,PLACED,SOUTH
ORD00862,CUST0026,2026-07-14 00:54:28,RETURNED,SOUTH
ORD00863,CUST0501,2025-10-29 23:09:07,PLACED,CENTRAL
ORD00864,CUST0316,2026-01-24 02:47:15,RETURNED,WEST
ORD00865,CUST0017,2025-01-29 18:31:32,DELIVERED,NORTH
ORD00866,CUST0346,2026-07-15 00:38:15,PLACED,WEST
ORD00867,CUST0122,2025-06-14 09:58:01,RETURNED,WEST
ORD00868,CUST0550,2025-04-26 16:41:48,RETURNED,SOUTH
ORD00869,CUST0074,2025-01-29 15:26:58,SHIPPED,WEST
ORD00870,CUST0020,2026-01-02 00:10:14,RETURNED,NORTH
ORD00871,CUST0249,2026-06-29 17:07:12,SHIPPED,NORTH
ORD00872,CUST0177,2026-05-07 09:39:51,PLACED,EAST
ORD00873,CUST0100,2025-12-21 07:53:49,RETURNED,SOUTH
ORD00874,CUST0066,2025-03-24 14:09:26,PLACED,WEST
ORD00875,CUST0226,2025-02-19 00:27:27,SHIPPED,WEST
ORD00876,CUST0346,2026-07-28 03:58:56,CANCELLED,EAST
ORD00877,CUST0124,2026-06-16 08:19:54,RETURNED,CENTRAL
ORD00878,CUST0141,2025-09-07 18:52:11,SHIPPED,NORTH
ORD00879,CUST0178,2025-09-18 14:14:34,PLACED,NORTH
ORD00880,CUST0281,2025-04-20 16:50:41,CANCELLED,SOUTH
ORD00881,CUST0379,2026-03-06 20:16:04,SHIPPED,WEST
ORD00882,CUST0250,2026-03-29 01:00:06,PLACED,SOUTH
ORD00883,CUST0103,2026-05-07 00:57:42,RETURNED,WEST
ORD00884,CUST0162,2025-01-13 03:22:13,CANCELLED,NORTH
ORD00885,CUST0007,2025-01-06 14:39:54,SHIPPED,NORTH
ORD00886,CUST0291,2025-11-20 06:56:41,CANCELLED,SOUTH
ORD00887,CUST0212,2025-04-22 03:21:03,DELIVERED,CENTRAL
ORD00888,CUST0462,2025-11-17 00:49:14,SHIPPED,SOUTH
ORD00889,CUST0039,2026-04-09 03:18:54,SHIPPED,WEST
ORD00890,CUST0091,2026-05-03 03:41:59,DELIVERED,EAST
ORD00891,CUST0429,2025-01-04 13:11:30,RETURNED,SOUTH
ORD00892,CUST0197,2025-04-02 06:30:16,RETURNED,NORTH
ORD00893,CUST0371,2026-02-24 05:09:45,RETURNED,SOUTH
ORD00894,CUST0476,2026-05-02 14:08:23,SHIPPED,EAST
ORD00895,CUST0055,2025-05-31 11:11:01,PLACED,SOUTH
ORD00896,CUST0486,2026-01-22 10:20:55,SHIPPED,SOUTH
ORD00897,CUST0045,2025-02-11 23:08:51,DELIVERED,EAST
ORD00898,CUST0215,2025-12-04 14:52:00,DELIVERED,EAST
ORD00899,CUST0465,2025-02-03 15:29:47,PLACED,NORTH
ORD00900,CUST0551,2025-05-17 14:46:57,SHIPPED,NORTH
ORD00901,CUST0497,2026-02-04 22:30:03,PLACED,NORTH
ORD00902,CUST0241,2026-07-15 07:55:41,CANCELLED,CENTRAL
ORD00903,CUST0594,2025-09-11 04:33:51,CANCELLED,SOUTH
ORD00904,CUST0334,2025-06-28 16:41:22,PLACED,EAST
ORD00905,CUST0234,2025-03-18 04:02:52,SHIPPED,WEST
ORD00906,CUST0205,2025-10-19 16:25:51,SHIPPED,NORTH
ORD00907,CUST0483,2026-03-31 10:54:36,CANCELLED,NORTH
ORD00908,CUST0447,2025-04-23 13:54:04,SHIPPED,CENTRAL
ORD00909,CUST0466,2025-05-19 07:17:35,CANCELLED,EAST
ORD00910,CUST0140,2025-12-22 12:53:44,SHIPPED,EAST
ORD00911,CUST0277,2025-06-07 01:29:03,DELIVERED,SOUTH
ORD00912,CUST0033,2026-06-22 15:44:22,RETURNED,NORTH
ORD00913,CUST0288,2025-04-17 00:34:20,PLACED,WEST
ORD00914,CUST0470,2025-11-21 20:15:26,SHIPPED,EAST
ORD00915,CUST0226,2025-08-18 06:12:33,RETURNED,SOUTH
ORD00916,CUST0175,2026-03-26 00:57:53,RETURNED,SOUTH
ORD00917,CUST0089,2025-11-16 18:34:20,RETURNED,WEST
ORD00918,CUST0222,2026-04-05 11:52:00,CANCELLED,WEST
ORD00919,CUST0286,2025-01-12 06:22:17,CANCELLED,SOUTH
ORD00920,CUST0254,2025-09-12 05:14:19,CANCELLED,CENTRAL
ORD00921,CUST0228,2026-04-05 15:25:21,SHIPPED,CENTRAL
ORD00922,CUST0006,2025-11-21 11:49:54,PLACED,NORTH
ORD00923,CUST0482,2026-07-24 16:59:21,RETURNED,NORTH
ORD00924,CUST0436,2026-02-17 12:49:35,CANCELLED,WEST
ORD00925,CUST0101,2025-12-18 10:07:06,CANCELLED,SOUTH
ORD00926,CUST0086,2026-03-10 18:57:05,PLACED,WEST
ORD00927,CUST0224,2025-04-14 01:55:51,DELIVERED,EAST
ORD00928,CUST0245,2026-05-19 00:53:17,PLACED,NORTH
ORD00929,CUST0492,2026-06-04 15:43:39,DELIVERED,SOUTH
ORD00930,CUST0471,2026-03-20 00:40:07,RETURNED,NORTH
ORD00931,CUST0466,2025-12-27 05:07:29,SHIPPED,WEST
ORD00932,CUST0190,2025-10-15 17:08:16,CANCELLED,NORTH
ORD00933,CUST0073,2025-10-26 22:40:10,DELIVERED,CENTRAL
ORD00934,CUST0034,2025-08-19 08:50:16,CANCELLED,EAST
ORD00935,CUST0556,2026-03-23 19:03:09,SHIPPED,NORTH
ORD00936,CUST0344,2026-07-26 11:34:30,PLACED,CENTRAL
ORD00937,CUST0373,2025-02-10 01:11:46,PLACED,WEST
ORD00938,CUST0375,2025-12-28 10:48:22,RETURNED,NORTH
ORD00939,CUST0375,2025-10-12 14:48:22,SHIPPED,CENTRAL
ORD00940,CUST0069,2026-03-12 13:17:26,SHIPPED,SOUTH
ORD00941,CUST0343,2025-07-05 08:26:09,RETURNED,NORTH
ORD00942,CUST0490,2026-07-27 17:45:38,RETURNED,SOUTH
ORD00943,CUST0231,2025-09-06 21:52:42,DELIVERED,EAST
ORD00944,CUST0516,2026-06-13 08:20:43,CANCELLED,EAST
ORD00945,CUST0056,2025-02-19 05:17:13,DELIVERED,EAST
ORD00946,CUST0464,2026-01-13 15:55:35,RETURNED,CENTRAL
ORD00947,CUST0126,2026-01-01 04:29:21,RETURNED,CENTRAL
ORD00948,CUST0300,2025-12-18 01:29:15,RETURNED,EAST
ORD00949,CUST0068,2025-05-27 07:09:54,CANCELLED,NORTH
ORD00950,CUST0083,2025-10-31 10:50:58,SHIPPED,EAST
ORD00951,CUST0079,2025-03-26 22:42:35,SHIPPED,EAST
ORD00952,CUST0115,2026-06-26 10:33:08,SHIPPED,WEST
ORD00953,CUST0155,2025-06-08 15:36:38,RETURNED,NORTH
ORD00954,CUST0301,2025-11-20 12:48:21,RETURNED,SOUTH
ORD00955,CUST0486,2025-09-27 06:57:39,CANCELLED,WEST
ORD00956,CUST0022,2025-08-15 10:16:01,SHIPPED,NORTH
ORD00957,CUST0023,2025-06-30 10:54:32,RETURNED,EAST
ORD00958,CUST0422,2026-03-26 11:50:08,DELIVERED,EAST
ORD00959,CUST0498,2026-04-06 20:58:51,RETURNED,CENTRAL
ORD00960,CUST0456,2025-12-22 17:52:15,DELIVERED,CENTRAL
ORD00961,CUST0136,2025-08-27 01:28:51,SHIPPED,EAST
ORD00962,CUST0233,2026-01-12 02:56:45,DELIVERED,EAST
ORD00963,CUST0049,2025-04-26 05:13:37,DELIVERED,EAST
ORD00964,CUST0467,2025-05-10 05:13:56,RETURNED,SOUTH
ORD00965,CUST0549,2025-08-10 13:22:54,SHIPPED,SOUTH
ORD00966,CUST0158,2025-05-06 06:00:20,SHIPPED,NORTH
ORD00967,CUST0043,2025-09-03 22:20:00,RETURNED,SOUTH
ORD00968,CUST0452,2025-07-22 06:20:31,DELIVERED,SOUTH
ORD00969,CUST0211,2026-03-13 21:31:19,PLACED,EAST
ORD00970,CUST0353,2025-04-25 21:52:48,DELIVERED,WEST
ORD00971,CUST0553,2025-05-07 07:02:20,RETURNED,EAST
ORD00972,CUST0125,2025-01-20 08:38:22,CANCELLED,WEST
ORD00973,CUST0149,2025-12-22 18:29:53,DELIVERED,SOUTH
ORD00974,CUST0005,2026-07-28 14:32:39,RETURNED,CENTRAL
ORD00975,CUST0340,2026-05-18 17:30:06,DELIVERED,WEST
ORD00976,CUST0297,2026-03-22 15:03:26,SHIPPED,CENTRAL
ORD00977,CUST0453,2025-09-21 01:32:07,PLACED,WEST
ORD00978,CUST0042,2025-04-19 07:02:18,RETURNED,NORTH
ORD00979,CUST0316,2025-01-20 06:13:24,CANCELLED,CENTRAL
ORD00980,CUST0226,2025-12-13 09:32:00,DELIVERED,NORTH
ORD00981,CUST0335,2025-02-12 17:54:04,RETURNED,SOUTH
ORD00982,CUST0598,2026-02-13 21:26:17,SHIPPED,EAST
ORD00983,CUST0201,2025-01-18 12:20:14,PLACED,CENTRAL
ORD00984,CUST0457,2026-06-10 21:22:34,PLACED,CENTRAL
ORD00985,CUST0404,2025-06-01 00:48:41,CANCELLED,EAST
ORD00986,CUST0524,2025-02-13 12:48:11,DELIVERED,WEST
ORD00987,CUST0152,2026-07-11 02:31:55,CANCELLED,EAST
ORD00988,CUST0396,2025-10-17 14:04:35,PLACED,EAST
ORD00989,CUST0354,2025-09-30 21:43:57,DELIVERED,WEST
ORD00990,CUST0575,2025-03-10 00:57:24,SHIPPED,WEST
ORD00991,CUST0426,2025-12-10 16:52:45,DELIVERED,SOUTH
ORD00992,CUST0435,2026-07-20 22:11:28,CANCELLED,SOUTH
ORD00993,CUST0089,2025-04-22 13:37:49,SHIPPED,EAST
ORD00994,CUST0487,2026-02-13 00:19:16,DELIVERED,NORTH
ORD00995,CUST0385,2025-03-10 16:47:43,PLACED,WEST
ORD00996,CUST0280,2025-11-18 23:06:04,SHIPPED,CENTRAL
ORD00997,CUST0474,2026-07-06 15:57:49,RETURNED,SOUTH
ORD00998,CUST0205,2025-05-25 11:24:39,CANCELLED,EAST
ORD00999,CUST0568,2026-01-17 01:10:43,PLACED,EAST
ORD01000,CUST0600,2025-08-25 01:22:28,CANCELLED,CENTRAL
ORD01001,CUST0475,2025-06-24 09:21:37,PLACED,NORTH
ORD01002,CUST0158,2025-07-24 00:39:16,DELIVERED,WEST
ORD01003,CUST0128,2026-05-23 19:57:25,DELIVERED,WEST
ORD01004,CUST0184,2026-01-18 01:25:44,SHIPPED,NORTH
ORD01005,CUST0123,2025-08-04 07:42:00,CANCELLED,NORTH
ORD01006,CUST0371,2026-03-28 07:51:03,CANCELLED,CENTRAL
ORD01007,CUST0447,2025-07-20 07:49:10,CANCELLED,NORTH
ORD01008,CUST0383,2026-02-03 02:10:28,RETURNED,NORTH
ORD01009,CUST0266,2025-05-07 11:41:32,RETURNED,NORTH
ORD01010,CUST0150,2025-09-06 07:17:16,CANCELLED,SOUTH
ORD01011,CUST0366,2025-05-07 20:17:51,PLACED,EAST
ORD01012,CUST0370,2025-11-22 20:18:28,DELIVERED,NORTH
ORD01013,CUST0297,2025-08-15 13:00:46,RETURNED,NORTH
ORD01014,CUST0527,2025-05-31 12:58:13,SHIPPED,NORTH
ORD01015,CUST0172,2026-02-27 07:31:57,DELIVERED,EAST
ORD01016,CUST0309,2025-07-30 20:21:43,DELIVERED,NORTH
ORD01017,CUST0548,2026-03-27 12:51:11,DELIVERED,SOUTH
ORD01018,CUST0014,2025-04-17 08:55:21,RETURNED,EAST
ORD01019,CUST0382,2026-01-12 15:10:22,CANCELLED,EAST
ORD01020,CUST0167,2025-03-21 13:12:26,SHIPPED,SOUTH
ORD01021,CUST0516,2025-06-21 17:51:15,SHIPPED,CENTRAL
ORD01022,CUST0539,2026-02-18 06:58:54,RETURNED,NORTH
ORD01023,CUST0428,2025-12-24 16:10:51,PLACED,NORTH
ORD01024,CUST0135,2025-01-14 11:58:31,CANCELLED,EAST
ORD01025,CUST0320,2026-06-21 18:07:07,DELIVERED,SOUTH
ORD01026,CUST0453,2026-04-10 04:58:41,RETURNED,EAST
ORD01027,CUST0177,2026-07-06 09:23:59,DELIVERED,NORTH
ORD01028,CUST0122,2025-06-22 17:03:02,SHIPPED,SOUTH
ORD01029,CUST0233,2025-08-27 18:52:45,SHIPPED,SOUTH
ORD01030,CUST0134,2025-03-03 01:18:09,CANCELLED,NORTH
ORD01031,CUST0080,2025-01-15 14:34:36,CANCELLED,WEST
ORD01032,CUST0044,2025-06-02 12:14:52,PLACED,NORTH
ORD01033,CUST0526,2026-04-06 17:36:19,PLACED,WEST
ORD01034,CUST0122,2025-07-16 12:29:39,PLACED,NORTH
ORD01035,CUST0309,2026-06-03 12:42:46,PLACED,NORTH
ORD01036,CUST0127,2026-04-13 10:12:55,SHIPPED,CENTRAL
ORD01037,CUST0205,2025-05-24 12:34:58,DELIVERED,NORTH
ORD01038,CUST0093,2025-04-24 01:22:43,DELIVERED,CENTRAL
ORD01039,CUST0357,2025-10-01 13:32:41,SHIPPED,CENTRAL
ORD01040,CUST0248,2026-01-28 04:11:24,RETURNED,NORTH
ORD01041,CUST0102,2026-03-26 01:11:34,PLACED,CENTRAL
ORD01042,CUST0223,2026-07-10 23:41:45,SHIPPED,EAST
ORD01043,CUST0176,2026-02-22 04:45:48,PLACED,NORTH
ORD01044,CUST0220,2026-01-27 14:52:51,CANCELLED,EAST
ORD01045,CUST0190,2025-12-08 11:57:54,PLACED,SOUTH
ORD01046,CUST0364,2025-10-22 20:32:15,CANCELLED,SOUTH
ORD01047,CUST0527,2025-06-26 17:55:04,CANCELLED,NORTH
ORD01048,CUST0322,2025-04-07 00:21:29,CANCELLED,NORTH
ORD01049,CUST0533,2025-04-16 13:35:24,CANCELLED,EAST
ORD01050,CUST0296,2026-03-09 17:41:43,PLACED,NORTH
ORD01051,CUST0336,2026-01-19 11:28:25,PLACED,WEST
ORD01052,CUST0291,2025-12-21 22:05:11,RETURNED,EAST
ORD01053,CUST0455,2025-06-25 10:35:09,RETURNED,WEST
ORD01054,CUST0298,2025-11-29 09:47:01,SHIPPED,NORTH
ORD01055,CUST0488,2026-06-12 11:55:17,DELIVERED,SOUTH
ORD01056,CUST0014,2026-06-08 15:13:58,CANCELLED,NORTH
ORD01057,CUST0406,2025-12-07 05:59:58,RETURNED,NORTH
ORD01058,CUST0123,2025-04-22 08:33:54,CANCELLED,WEST
ORD01059,CUST0105,2026-07-30 21:17:49,SHIPPED,NORTH
ORD01060,CUST0373,2025-06-04 15:14:21,DELIVERED,SOUTH
ORD01061,CUST0414,2025-04-06 08:27:09,SHIPPED,WEST
ORD01062,CUST0512,2025-08-05 07:57:28,RETURNED,CENTRAL
ORD01063,CUST0280,2026-05-16 01:52:58,CANCELLED,EAST
ORD01064,CUST0488,2026-06-02 19:45:36,RETURNED,WEST
ORD01065,CUST0497,2026-02-02 05:27:27,DELIVERED,SOUTH
ORD01066,CUST0466,2025-03-25 21:56:58,PLACED,EAST
ORD01067,CUST0502,2026-01-22 05:51:18,SHIPPED,SOUTH
ORD01068,CUST0031,2025-03-19 08:44:30,PLACED,NORTH
ORD01069,CUST0511,2026-06-11 16:50:20,PLACED,SOUTH
ORD01070,CUST0392,2026-04-15 14:15:40,DELIVERED,SOUTH
ORD01071,CUST0311,2026-04-29 02:18:02,RETURNED,NORTH
ORD01072,CUST0079,2026-05-29 11:26:08,RETURNED,WEST
ORD01073,CUST0478,2025-06-06 20:16:50,DELIVERED,WEST
ORD01074,CUST0503,2026-01-28 02:03:22,DELIVERED,CENTRAL
ORD01075,CUST0352,2026-02-24 20:11:26,RETURNED,NORTH
ORD01076,CUST0033,2025-12-01 07:21:24,PLACED,WEST
ORD01077,CUST0461,2025-09-02 07:48:30,CANCELLED,WEST
ORD01078,CUST0471,2025-01-28 22:44:12,PLACED,SOUTH
ORD01079,CUST0571,2026-05-28 04:18:44,DELIVERED,SOUTH
ORD01080,CUST0504,2025-12-01 12:28:40,SHIPPED,EAST
ORD01081,CUST0399,2026-01-14 14:49:06,PLACED,CENTRAL
ORD01082,CUST0503,2026-05-28 16:45:24,RETURNED,CENTRAL
ORD01083,CUST0586,2025-12-31 22:02:57,CANCELLED,CENTRAL
ORD01084,CUST0161,2026-01-29 13:17:38,PLACED,WEST
ORD01085,CUST0270,2026-01-20 05:42:39,RETURNED,WEST
ORD01086,CUST0362,2025-08-09 22:18:00,DELIVERED,NORTH
ORD01087,CUST0029,2026-04-04 15:02:09,PLACED,SOUTH
ORD01088,CUST0376,2025-09-28 23:32:04,RETURNED,NORTH
ORD01089,CUST0350,2025-10-23 14:24:07,PLACED,WEST
ORD01090,CUST0354,2025-10-05 13:47:11,CANCELLED,EAST
ORD01091,CUST0058,2026-05-29 14:24:25,SHIPPED,SOUTH
ORD01092,CUST0241,2026-05-19 09:08:22,DELIVERED,CENTRAL
ORD01093,CUST0087,2026-06-19 09:05:12,PLACED,EAST
ORD01094,CUST0118,2025-09-20 05:12:47,SHIPPED,NORTH
ORD01095,CUST0552,2025-09-11 07:15:30,PLACED,WEST
ORD01096,CUST0433,2026-03-18 05:12:30,RETURNED,WEST
ORD01097,CUST0274,2025-01-16 20:19:33,CANCELLED,CENTRAL
ORD01098,CUST0023,2025-09-03 20:15:17,CANCELLED,CENTRAL
ORD01099,CUST0400,2025-09-08 10:22:11,RETURNED,NORTH
ORD01100,CUST0501,2025-03-19 17:11:30,SHIPPED,EAST
ORD01101,CUST0509,2026-01-26 12:17:04,DELIVERED,SOUTH
ORD01102,CUST0307,2025-10-10 05:02:32,CANCELLED,SOUTH
ORD01103,CUST0509,2026-05-09 13:32:18,PLACED,CENTRAL
ORD01104,CUST0220,2025-08-12 04:41:45,DELIVERED,NORTH
ORD01105,CUST0305,2026-03-22 11:12:02,CANCELLED,SOUTH
ORD01106,CUST0095,2026-07-12 11:01:30,RETURNED,NORTH
ORD01107,CUST0345,2025-08-01 07:53:30,PLACED,CENTRAL
ORD01108,CUST0544,2026-01-05 03:38:40,CANCELLED,SOUTH
ORD01109,CUST0356,2025-03-01 13:04:32,DELIVERED,CENTRAL
ORD01110,CUST0308,2025-12-03 06:02:10,RETURNED,EAST
ORD01111,CUST0205,2025-11-18 19:22:38,CANCELLED,EAST
ORD01112,CUST0528,2025-12-19 00:47:36,RETURNED,SOUTH
ORD01113,CUST0020,2026-05-03 15:51:33,RETURNED,SOUTH
ORD01114,CUST0591,2026-01-23 17:49:48,SHIPPED,WEST
ORD01115,CUST0275,2026-05-11 11:48:33,RETURNED,CENTRAL
ORD01116,CUST0445,2026-03-16 17:10:31,PLACED,CENTRAL
ORD01117,CUST0206,2025-10-10 22:34:19,CANCELLED,SOUTH
ORD01118,CUST0247,2025-04-27 21:00:48,DELIVERED,WEST
ORD01119,CUST0421,2025-09-05 12:07:32,PLACED,SOUTH
ORD01120,CUST0423,2025-07-27 08:01:28,DELIVERED,SOUTH
ORD01121,CUST0263,2026-06-18 11:54:12,RETURNED,SOUTH
ORD01122,CUST0416,2025-07-05 05:39:11,PLACED,SOUTH
ORD01123,CUST0197,2025-01-22 12:26:35,SHIPPED,EAST
ORD01124,CUST0476,2026-01-13 00:10:58,RETURNED,WEST
ORD01125,CUST0433,2026-05-18 11:30:03,PLACED,SOUTH
ORD01126,CUST0164,2025-07-31 19:43:10,SHIPPED,NORTH
ORD01127,CUST0265,2025-08-04 18:02:42,RETURNED,SOUTH
ORD01128,CUST0044,2026-07-16 03:53:29,CANCELLED,NORTH
ORD01129,CUST0057,2025-03-07 04:33:36,DELIVERED,CENTRAL
ORD01130,CUST0306,2025-02-19 09:14:55,CANCELLED,EAST
ORD01131,CUST0093,2025-11-05 06:39:35,SHIPPED,SOUTH
ORD01132,CUST0115,2026-03-20 11:42:54,RETURNED,NORTH
ORD01133,CUST0535,2026-05-31 21:54:17,RETURNED,CENTRAL
ORD01134,CUST0258,2026-01-21 14:31:09,PLACED,SOUTH
ORD01135,CUST0126,2025-09-01 10:23:31,DELIVERED,CENTRAL
ORD01136,CUST0400,2025-07-03 06:12:16,CANCELLED,SOUTH
ORD01137,CUST0148,2025-03-24 23:09:27,SHIPPED,SOUTH
ORD01138,CUST0282,2025-12-08 08:24:55,CANCELLED,EAST
ORD01139,CUST0058,2026-01-16 20:56:47,RETURNED,EAST
ORD01140,CUST0116,2025-09-03 19:48:00,RETURNED,WEST
ORD01141,CUST0487,2026-06-15 07:10:01,SHIPPED,EAST
ORD01142,CUST0149,2025-10-09 22:46:24,CANCELLED,EAST
ORD01143,CUST0316,2025-01-17 08:51:06,RETURNED,NORTH
ORD01144,CUST0056,2026-06-21 11:15:14,SHIPPED,EAST
ORD01145,CUST0566,2025-10-26 19:08:43,DELIVERED,EAST
ORD01146,CUST0125,2026-02-20 11:27:28,SHIPPED,WEST
ORD01147,CUST0398,2025-01-07 02:38:05,CANCELLED,EAST
ORD01148,CUST0309,2025-03-12 02:23:16,SHIPPED,EAST
ORD01149,CUST0216,2025-05-05 10:51:07,CANCELLED,EAST
ORD01150,CUST0417,2025-01-27 07:36:01,DELIVERED,NORTH
ORD01151,CUST0504,2026-01-01 21:46:40,CANCELLED,EAST
ORD01152,CUST0433,2025-03-19 23:30:32,SHIPPED,EAST
ORD01153,CUST0519,2025-02-21 13:10:29,DELIVERED,WEST
ORD01154,CUST0561,2026-07-28 01:19:08,DELIVERED,WEST
ORD01155,CUST0029,2025-02-10 11:11:32,SHIPPED,WEST
ORD01156,CUST0140,2025-01-03 09:20:13,CANCELLED,SOUTH
ORD01157,CUST0313,2025-09-01 16:11:53,RETURNED,NORTH
ORD01158,CUST0114,2025-05-03 14:01:24,SHIPPED,CENTRAL
ORD01159,CUST0134,2026-04-07 09:15:47,CANCELLED,EAST
ORD01160,CUST0463,2026-01-07 13:22:43,SHIPPED,EAST
ORD01161,CUST0178,2026-06-18 23:18:40,RETURNED,EAST
ORD01162,CUST0289,2025-06-04 07:21:36,PLACED,WEST
ORD01163,CUST0377,2025-05-22 06:39:41,CANCELLED,WEST
ORD01164,CUST0585,2025-06-24 08:44:36,PLACED,NORTH
ORD01165,CUST0572,2026-05-18 14:56:34,RETURNED,SOUTH
ORD01166,CUST0092,2025-12-26 04:13:28,SHIPPED,EAST
ORD01167,CUST0173,2025-02-08 16:01:18,CANCELLED,CENTRAL
ORD01168,CUST0440,2026-04-12 08:07:54,DELIVERED,SOUTH
ORD01169,CUST0092,2025-10-13 18:31:43,SHIPPED,CENTRAL
ORD01170,CUST0121,2025-01-11 23:07:15,RETURNED,WEST
ORD01171,CUST0465,2026-06-08 05:00:04,CANCELLED,NORTH
ORD01172,CUST0230,2026-07-09 05:47:30,SHIPPED,SOUTH
ORD01173,CUST0273,2025-08-12 16:00:00,CANCELLED,WEST
ORD01174,CUST0134,2025-12-02 00:10:29,SHIPPED,CENTRAL
ORD01175,CUST0221,2025-08-08 18:53:30,SHIPPED,WEST
ORD01176,CUST0185,2025-11-14 07:26:28,SHIPPED,NORTH
ORD01177,CUST0298,2025-07-23 08:17:44,SHIPPED,CENTRAL
ORD01178,CUST0462,2025-07-12 20:58:56,DELIVERED,CENTRAL
ORD01179,CUST0470,2025-03-08 14:17:05,PLACED,WEST
ORD01180,CUST0137,2025-09-09 01:44:30,CANCELLED,SOUTH
ORD01181,CUST0393,2026-07-05 06:31:27,CANCELLED,CENTRAL
ORD01182,CUST0263,2025-02-26 17:51:19,PLACED,CENTRAL
ORD01183,CUST0061,2025-02-10 11:26:58,DELIVERED,SOUTH
ORD01184,CUST0483,2025-10-03 04:39:43,RETURNED,CENTRAL
ORD01185,CUST0047,2025-01-05 03:56:09,DELIVERED,CENTRAL
ORD01186,CUST0391,2025-08-23 23:08:44,CANCELLED,EAST
ORD01187,CUST0136,2026-03-11 14:57:42,PLACED,CENTRAL
ORD01188,CUST0184,2025-07-22 04:11:17,SHIPPED,CENTRAL
ORD01189,CUST0505,2025-09-21 10:42:45,CANCELLED,SOUTH
ORD01190,CUST0092,2025-09-04 11:13:29,RETURNED,WEST
ORD01191,CUST0146,2025-07-22 06:19:11,PLACED,EAST
ORD01192,CUST0046,2025-04-10 07:41:50,CANCELLED,EAST
ORD01193,CUST0370,2025-12-01 01:23:04,DELIVERED,EAST
ORD01194,CUST0271,2026-02-06 13:04:09,DELIVERED,WEST
ORD01195,CUST0169,2025-09-03 02:08:46,CANCELLED,SOUTH
ORD01196,CUST0570,2026-05-26 15:11:14,CANCELLED,NORTH
ORD01197,CUST0194,2025-04-26 10:29:33,PLACED,SOUTH
ORD01198,CUST0188,2025-01-28 20:31:14,CANCELLED,EAST
ORD01199,CUST0168,2026-07-03 08:06:05,CANCELLED,WEST
ORD01200,CUST0119,2026-01-20 09:48:20,PLACED,WEST
ORD01201,CUST0366,2026-07-05 17:15:40,RETURNED,WEST
ORD01202,CUST0469,2026-01-18 21:58:21,PLACED,SOUTH
ORD01203,CUST0127,2025-09-29 13:05:47,PLACED,SOUTH
ORD01204,CUST0291,2025-05-21 07:39:09,SHIPPED,CENTRAL
ORD01205,CUST0280,2026-03-14 11:41:32,RETURNED,SOUTH
ORD01206,CUST0598,2025-01-04 04:54:32,RETURNED,CENTRAL
ORD01207,CUST0185,2025-11-20 10:36:45,PLACED,SOUTH
ORD01208,CUST0511,2026-06-10 18:29:21,PLACED,EAST
ORD01209,CUST0027,2025-08-09 19:23:11,PLACED,WEST
ORD01210,CUST0383,2026-04-04 12:42:25,PLACED,EAST
ORD01211,CUST0158,2025-01-23 10:15:35,PLACED,WEST
ORD01212,CUST0492,2025-12-19 16:12:29,DELIVERED,CENTRAL
ORD01213,CUST0006,2025-09-13 20:57:46,PLACED,CENTRAL
ORD01214,CUST0464,2025-09-10 08:51:47,RETURNED,SOUTH
ORD01215,CUST0217,2025-02-07 19:30:10,DELIVERED,EAST
ORD01216,CUST0057,2025-02-24 22:23:33,RETURNED,CENTRAL
ORD01217,CUST0391,2025-03-13 21:16:33,CANCELLED,EAST
ORD01218,CUST0183,2025-07-06 11:25:04,CANCELLED,NORTH
ORD01219,CUST0022,2025-06-11 17:33:11,SHIPPED,WEST
ORD01220,CUST0413,2025-08-10 07:35:23,SHIPPED,NORTH
ORD01221,CUST0306,2026-01-17 06:00:56,CANCELLED,EAST
ORD01222,CUST0135,2025-10-06 21:04:12,PLACED,EAST
ORD01223,CUST0525,2025-06-05 05:52:13,CANCELLED,WEST
ORD01224,CUST0398,2026-01-06 01:28:46,DELIVERED,CENTRAL
ORD01225,CUST0434,2025-03-12 01:51:59,CANCELLED,EAST
ORD01226,CUST0191,2025-12-04 04:19:15,CANCELLED,NORTH
ORD01227,CUST0042,2026-02-03 17:22:42,DELIVERED,WEST
ORD01228,CUST0230,2026-05-19 00:20:12,SHIPPED,WEST
ORD01229,CUST0540,2026-05-04 23:50:28,RETURNED,NORTH
ORD01230,CUST0298,2025-12-30 16:14:16,CANCELLED,NORTH
ORD01231,CUST0490,2025-08-22 07:44:10,SHIPPED,SOUTH
ORD01232,CUST0308,2025-07-13 03:14:14,RETURNED,WEST
ORD01233,CUST0303,2026-03-18 14:16:24,PLACED,CENTRAL
ORD01234,CUST0079,2025-02-05 00:37:47,RETURNED,NORTH
ORD01235,CUST0523,2025-11-27 00:57:43,CANCELLED,NORTH
ORD01236,CUST0476,2026-05-29 07:14:05,RETURNED,EAST
ORD01237,CUST0364,2025-07-17 22:56:18,RETURNED,NORTH
ORD01238,CUST0516,2025-01-13 15:16:13,PLACED,WEST
ORD01239,CUST0184,2025-05-22 12:36:20,CANCELLED,NORTH
ORD01240,CUST0086,2025-11-20 07:29:29,DELIVERED,EAST
ORD01241,CUST0466,2026-06-05 14:32:58,CANCELLED,CENTRAL
ORD01242,CUST0272,2025-09-23 02:56:02,SHIPPED,SOUTH
ORD01243,CUST0190,2025-03-02 18:08:10,RETURNED,EAST
ORD01244,CUST0109,2025-12-03 22:35:52,RETURNED,NORTH
ORD01245,CUST0006,2025-11-03 18:06:01,PLACED,NORTH
ORD01246,CUST0176,2026-05-25 09:00:58,CANCELLED,WEST
ORD01247,CUST0415,2026-05-26 20:44:06,RETURNED,WEST
ORD01248,CUST0311,2026-04-26 09:39:50,RETURNED,EAST
ORD01249,CUST0405,2025-08-24 01:55:44,PLACED,SOUTH
ORD01250,CUST0139,2025-01-11 18:39:57,SHIPPED,NORTH
ORD01251,CUST0017,2026-06-25 14:59:06,SHIPPED,NORTH
ORD01252,CUST0215,2026-01-09 16:40:28,SHIPPED,SOUTH
ORD01253,CUST0447,2026-05-02 06:35:18,RETURNED,SOUTH
ORD01254,CUST0089,2025-08-22 17:30:56,CANCELLED,SOUTH
ORD01255,CUST0486,2025-11-24 16:23:55,PLACED,NORTH
ORD01256,CUST0171,2025-04-29 09:21:23,CANCELLED,WEST
ORD01257,CUST0483,2025-01-16 05:53:17,CANCELLED,CENTRAL
ORD01258,CUST0249,2025-06-06 09:13:12,DELIVERED,CENTRAL
ORD01259,CUST0402,2025-02-09 13:15:29,DELIVERED,NORTH
ORD01260,CUST0106,2026-05-05 15:41:30,CANCELLED,WEST
ORD01261,CUST0508,2026-07-27 12:08:08,RETURNED,CENTRAL
ORD01262,CUST0568,2025-08-14 20:25:48,PLACED,WEST
ORD01263,CUST0410,2026-01-13 13:34:43,RETURNED,CENTRAL
ORD01264,CUST0500,2025-06-30 03:02:13,PLACED,CENTRAL
ORD01265,CUST0020,2025-11-24 18:44:05,RETURNED,EAST
ORD01266,CUST0567,2025-02-19 07:55:22,DELIVERED,WEST
ORD01267,CUST0485,2025-04-01 19:56:00,CANCELLED,CENTRAL
ORD01268,CUST0356,2025-12-15 05:23:27,CANCELLED,NORTH
ORD01269,CUST0166,2025-08-12 16:54:36,SHIPPED,WEST
ORD01270,CUST0353,2025-12-07 06:58:30,SHIPPED,CENTRAL
ORD01271,CUST0225,2026-04-02 10:45:08,DELIVERED,CENTRAL
ORD01272,CUST0480,2025-04-12 20:58:22,DELIVERED,WEST
ORD01273,CUST0427,2026-06-07 19:37:45,DELIVERED,WEST
ORD01274,CUST0166,2026-04-28 23:58:55,SHIPPED,EAST
ORD01275,CUST0089,2026-06-03 02:50:00,CANCELLED,SOUTH
ORD01276,CUST0178,2025-06-04 22:39:19,SHIPPED,CENTRAL
ORD01277,CUST0504,2025-03-20 08:58:54,CANCELLED,WEST
ORD01278,CUST0311,2025-07-02 07:28:39,SHIPPED,CENTRAL
ORD01279,CUST0049,2025-01-15 01:58:43,DELIVERED,EAST
ORD01280,CUST0366,2026-06-10 18:50:59,SHIPPED,SOUTH
ORD01281,CUST0516,2025-01-25 19:57:50,PLACED,EAST
ORD01282,CUST0441,2025-03-30 12:32:29,RETURNED,SOUTH
ORD01283,CUST0124,2026-03-13 12:05:36,SHIPPED,WEST
ORD01284,CUST0265,2025-09-22 08:06:11,DELIVERED,NORTH
ORD01285,CUST0571,2025-07-27 18:23:52,SHIPPED,CENTRAL
ORD01286,CUST0107,2026-07-03 16:20:31,PLACED,WEST
ORD01287,CUST0469,2025-03-28 03:54:02,PLACED,CENTRAL
ORD01288,CUST0105,2026-03-13 21:15:15,PLACED,CENTRAL
ORD01289,CUST0108,2025-05-10 17:58:07,PLACED,SOUTH
ORD01290,CUST0371,2025-05-02 23:17:55,DELIVERED,WEST
ORD01291,CUST0519,2026-01-23 02:40:53,PLACED,SOUTH
ORD01292,CUST0373,2025-09-17 21:32:10,SHIPPED,NORTH
ORD01293,CUST0207,2025-12-08 01:34:29,CANCELLED,NORTH
ORD01294,CUST0252,2026-01-03 21:43:28,DELIVERED,EAST
ORD01295,CUST0518,2025-05-14 00:33:04,PLACED,EAST
ORD01296,CUST0382,2026-07-10 12:17:22,CANCELLED,EAST
ORD01297,CUST0252,2025-04-28 18:14:16,RETURNED,WEST
ORD01298,CUST0234,2025-04-18 04:24:02,CANCELLED,WEST
ORD01299,CUST0420,2025-12-23 07:46:36,RETURNED,EAST
ORD01300,CUST0031,2025-12-10 18:15:53,SHIPPED,NORTH
ORD01301,CUST0530,2025-02-24 01:05:14,PLACED,EAST
ORD01302,CUST0323,2025-11-08 23:18:53,SHIPPED,WEST
ORD01303,CUST0063,2025-11-02 11:00:52,PLACED,SOUTH
ORD01304,CUST0589,2025-02-14 21:39:11,RETURNED,EAST
ORD01305,CUST0430,2025-11-09 05:52:32,RETURNED,EAST
ORD01306,CUST0322,2025-09-25 07:33:29,PLACED,EAST
ORD01307,CUST0541,2026-04-20 02:42:01,SHIPPED,WEST
ORD01308,CUST0457,2026-05-16 02:46:51,SHIPPED,CENTRAL
ORD01309,CUST0453,2026-06-26 17:48:04,DELIVERED,WEST
ORD01310,CUST0203,2025-08-23 04:57:10,PLACED,NORTH
ORD01311,CUST0551,2025-09-17 19:24:00,CANCELLED,SOUTH
ORD01312,CUST0533,2026-02-25 01:03:37,DELIVERED,SOUTH
ORD01313,CUST0096,2026-02-02 10:15:00,RETURNED,EAST
ORD01314,CUST0534,2025-09-22 15:16:25,SHIPPED,NORTH
ORD01315,CUST0029,2026-02-24 09:04:26,RETURNED,EAST
ORD01316,CUST0248,2025-08-25 01:53:28,CANCELLED,CENTRAL
ORD01317,CUST0114,2026-07-23 13:12:40,PLACED,EAST
ORD01318,CUST0266,2026-05-02 23:55:55,RETURNED,EAST
ORD01319,CUST0127,2025-02-07 01:48:18,PLACED,WEST
ORD01320,CUST0306,2026-03-21 14:58:01,PLACED,WEST
ORD01321,CUST0348,2025-07-03 09:10:23,RETURNED,CENTRAL
ORD01322,CUST0547,2026-04-08 13:50:11,SHIPPED,EAST
ORD01323,CUST0307,2025-08-10 00:07:33,RETURNED,SOUTH
ORD01324,CUST0387,2026-02-08 15:17:18,SHIPPED,NORTH
ORD01325,CUST0336,2026-02-06 03:21:35,RETURNED,SOUTH
ORD01326,CUST0370,2025-12-19 20:56:40,PLACED,SOUTH
ORD01327,CUST0436,2025-11-17 01:13:25,PLACED,NORTH
ORD01328,CUST0064,2025-11-27 00:27:45,SHIPPED,WEST
ORD01329,CUST0220,2025-12-13 13:06:05,PLACED,EAST
ORD01330,CUST0539,2025-11-09 19:52:23,RETURNED,CENTRAL
ORD01331,CUST0532,2025-11-03 15:16:43,DELIVERED,CENTRAL
ORD01332,CUST0511,2026-05-10 08:29:44,CANCELLED,WEST
ORD01333,CUST0502,2026-07-23 08:11:33,CANCELLED,SOUTH
ORD01334,CUST0148,2026-01-28 20:31:56,SHIPPED,WEST
ORD01335,CUST0469,2025-04-11 11:54:52,RETURNED,CENTRAL
ORD01336,CUST0121,2026-06-24 09:52:20,SHIPPED,WEST
ORD01337,CUST0485,2025-01-26 07:50:44,SHIPPED,CENTRAL
ORD01338,CUST0379,2025-04-03 05:57:35,RETURNED,WEST
ORD01339,CUST0113,2025-04-04 21:06:48,DELIVERED,CENTRAL
ORD01340,CUST0297,2025-02-01 06:54:48,RETURNED,SOUTH
ORD01341,CUST0121,2025-10-16 12:39:12,DELIVERED,EAST
ORD01342,CUST0311,2025-08-17 08:12:30,CANCELLED,NORTH
ORD01343,CUST0147,2025-04-21 09:40:40,RETURNED,WEST
ORD01344,CUST0050,2025-08-26 00:40:06,DELIVERED,SOUTH
ORD01345,CUST0188,2026-07-29 12:16:04,CANCELLED,NORTH
ORD01346,CUST0126,2026-03-02 06:50:06,DELIVERED,NORTH
ORD01347,CUST0046,2025-11-21 08:09:54,CANCELLED,CENTRAL
ORD01348,CUST0318,2026-03-16 10:36:17,CANCELLED,EAST
ORD01349,CUST0387,2026-01-05 02:53:00,RETURNED,SOUTH
ORD01350,CUST0142,2026-01-28 01:28:49,CANCELLED,WEST
ORD01351,CUST0460,2025-04-26 17:14:12,DELIVERED,NORTH
ORD01352,CUST0420,2025-10-28 18:35:09,SHIPPED,WEST
ORD01353,CUST0348,2026-02-25 04:52:03,PLACED,WEST
ORD01354,CUST0285,2026-05-17 16:45:24,PLACED,SOUTH
ORD01355,CUST0026,2026-03-21 06:45:20,DELIVERED,CENTRAL
ORD01356,CUST0127,2026-05-16 03:25:49,RETURNED,NORTH
ORD01357,CUST0198,2026-04-26 13:28:46,RETURNED,CENTRAL
ORD01358,CUST0055,2026-03-19 22:07:32,RETURNED,SOUTH
ORD01359,CUST0488,2026-01-26 09:51:58,PLACED,NORTH
ORD01360,CUST0545,2025-05-20 14:39:35,PLACED,EAST
ORD01361,CUST0211,2025-07-10 12:28:31,RETURNED,WEST
ORD01362,CUST0087,2026-02-19 09:58:42,RETURNED,EAST
ORD01363,CUST0412,2026-04-03 09:45:42,PLACED,WEST
ORD01364,CUST0024,2025-09-22 01:14:58,CANCELLED,SOUTH
ORD01365,CUST0425,2025-01-19 16:27:13,RETURNED,EAST
ORD01366,CUST0392,2025-07-19 18:08:29,PLACED,NORTH
ORD01367,CUST0102,2026-02-25 19:29:51,SHIPPED,EAST
ORD01368,CUST0148,2025-05-22 21:11:44,DELIVERED,NORTH
ORD01369,CUST0158,2025-08-27 07:03:31,CANCELLED,SOUTH
ORD01370,CUST0061,2026-04-23 06:39:07,DELIVERED,SOUTH
ORD01371,CUST0028,2026-07-09 00:53:14,PLACED,EAST
ORD01372,CUST0400,2025-03-18 16:43:32,DELIVERED,SOUTH
ORD01373,CUST0423,2025-09-09 19:51:27,DELIVERED,WEST
ORD01374,CUST0124,2025-02-10 07:04:41,SHIPPED,SOUTH
ORD01375,CUST0243,2026-01-18 21:48:10,RETURNED,CENTRAL
ORD01376,CUST0395,2025-03-31 09:16:20,DELIVERED,NORTH
ORD01377,CUST0326,2025-12-28 00:56:19,RETURNED,WEST
ORD01378,CUST0068,2026-01-12 01:36:40,PLACED,WEST
ORD01379,CUST0240,2025-01-15 11:09:17,DELIVERED,CENTRAL
ORD01380,CUST0104,2025-07-11 07:39:53,RETURNED,SOUTH
ORD01381,CUST0312,2026-03-18 08:51:59,CANCELLED,WEST
ORD01382,CUST0086,2026-05-09 20:09:08,RETURNED,SOUTH
ORD01383,CUST0146,2025-10-17 22:54:49,RETURNED,SOUTH
ORD01384,CUST0252,2026-02-22 12:23:25,CANCELLED,CENTRAL
ORD01385,CUST0463,2025-02-02 11:03:39,PLACED,WEST
ORD01386,CUST0297,2026-05-23 05:53:57,SHIPPED,NORTH
ORD01387,CUST0062,2026-01-10 12:36:12,DELIVERED,CENTRAL
ORD01388,CUST0257,2026-06-13 04:04:39,CANCELLED,EAST
ORD01389,CUST0218,2026-03-31 12:09:26,RETURNED,EAST
ORD01390,CUST0047,2025-05-06 09:01:04,RETURNED,CENTRAL
ORD01391,CUST0072,2025-08-22 12:18:18,PLACED,WEST
ORD01392,CUST0126,2025-04-19 11:16:10,RETURNED,EAST
ORD01393,CUST0443,2025-06-13 18:31:55,RETURNED,CENTRAL
ORD01394,CUST0326,2026-06-14 19:17:02,DELIVERED,EAST
ORD01395,CUST0464,2025-08-01 01:20:01,SHIPPED,EAST
ORD01396,CUST0350,2025-06-13 14:18:50,CANCELLED,CENTRAL
ORD01397,CUST0337,2025-01-13 07:55:27,SHIPPED,NORTH
ORD01398,CUST0488,2025-01-04 07:46:15,PLACED,SOUTH
ORD01399,CUST0424,2026-03-08 16:41:19,CANCELLED,WEST
ORD01400,CUST0552,2025-03-05 00:43:22,PLACED,CENTRAL
ORD01401,CUST0032,2026-06-06 15:46:30,CANCELLED,NORTH
ORD01402,CUST0362,2025-10-20 08:09:55,RETURNED,EAST
ORD01403,CUST0397,2025-05-18 14:59:53,PLACED,NORTH
ORD01404,CUST0474,2025-10-15 18:15:34,SHIPPED,WEST
ORD01405,CUST0010,2025-06-22 01:26:46,PLACED,EAST
ORD01406,CUST0367,2025-05-29 18:02:11,PLACED,CENTRAL
ORD01407,CUST0311,2026-07-12 12:56:22,SHIPPED,SOUTH
ORD01408,CUST0506,2025-10-09 22:47:42,PLACED,EAST
ORD01409,CUST0505,2026-07-01 20:24:01,RETURNED,SOUTH
ORD01410,CUST0008,2025-06-02 07:19:21,CANCELLED,NORTH
ORD01411,CUST0285,2026-03-19 00:50:04,RETURNED,WEST
ORD01412,CUST0175,2026-03-05 14:01:17,SHIPPED,CENTRAL
ORD01413,CUST0579,2025-05-17 08:05:41,PLACED,CENTRAL
ORD01414,CUST0132,2025-02-20 12:36:26,SHIPPED,EAST
ORD01415,CUST0584,2025-06-27 01:34:43,RETURNED,EAST
ORD01416,CUST0197,2026-06-11 14:26:21,PLACED,CENTRAL
ORD01417,CUST0259,2026-06-13 16:48:05,RETURNED,WEST
ORD01418,CUST0003,2025-11-28 17:59:27,PLACED,EAST
ORD01419,CUST0443,2025-11-13 00:42:59,DELIVERED,NORTH
ORD01420,CUST0531,2025-12-29 09:48:25,CANCELLED,EAST
ORD01421,CUST0530,2025-02-03 18:14:24,SHIPPED,NORTH
ORD01422,CUST0285,2025-11-23 06:31:28,RETURNED,WEST
ORD01423,CUST0324,2025-01-05 00:10:33,CANCELLED,SOUTH
ORD01424,CUST0343,2025-03-05 13:01:42,RETURNED,NORTH
ORD01425,CUST0232,2026-06-20 14:07:27,CANCELLED,NORTH
ORD01426,CUST0256,2025-06-02 22:02:59,SHIPPED,EAST
ORD01427,CUST0319,2025-02-18 19:29:57,PLACED,NORTH
ORD01428,CUST0492,2025-12-02 12:06:42,PLACED,CENTRAL
ORD01429,CUST0343,2025-07-14 11:58:15,SHIPPED,NORTH
ORD01430,CUST0485,2025-07-05 03:20:15,DELIVERED,NORTH
ORD01431,CUST0342,2026-02-08 15:26:41,SHIPPED,NORTH
ORD01432,CUST0450,2025-03-16 07:25:55,CANCELLED,CENTRAL
ORD01433,CUST0128,2025-03-08 10:28:56,PLACED,NORTH
ORD01434,CUST0387,2025-09-01 07:57:06,PLACED,SOUTH
ORD01435,CUST0064,2025-12-10 05:57:22,PLACED,EAST
ORD01436,CUST0443,2025-02-21 02:25:09,PLACED,NORTH
ORD01437,CUST0573,2025-02-10 13:08:13,DELIVERED,WEST
ORD01438,CUST0412,2025-03-16 10:24:19,RETURNED,WEST
ORD01439,CUST0239,2026-04-11 16:54:14,RETURNED,NORTH
ORD01440,CUST0465,2025-10-26 04:47:16,CANCELLED,WEST
ORD01441,CUST0104,2025-09-21 18:54:35,PLACED,WEST
ORD01442,CUST0530,2025-09-12 21:58:24,RETURNED,SOUTH
ORD01443,CUST0111,2025-03-21 18:16:26,PLACED,CENTRAL
ORD01444,CUST0070,2026-04-06 12:12:19,SHIPPED,CENTRAL
ORD01445,CUST0130,2026-05-11 01:19:16,RETURNED,EAST
ORD01446,CUST0364,2025-11-24 00:08:21,CANCELLED,CENTRAL
ORD01447,CUST0456,2025-05-25 09:51:48,SHIPPED,SOUTH
ORD01448,CUST0046,2025-02-16 23:38:14,SHIPPED,EAST
ORD01449,CUST0599,2025-12-05 12:47:52,RETURNED,EAST
ORD01450,CUST0319,2026-03-30 08:19:16,RETURNED,SOUTH
ORD01451,CUST0151,2025-12-31 16:33:26,DELIVERED,CENTRAL
ORD01452,CUST0352,2025-08-15 01:49:30,DELIVERED,NORTH
ORD01453,CUST0531,2026-04-01 12:01:56,SHIPPED,NORTH
ORD01454,CUST0244,2026-01-29 21:10:32,RETURNED,NORTH
ORD01455,CUST0433,2025-09-25 01:11:48,SHIPPED,SOUTH
ORD01456,CUST0207,2025-02-23 03:08:19,DELIVERED,SOUTH
ORD01457,CUST0488,2026-06-24 15:40:02,CANCELLED,CENTRAL
ORD01458,CUST0340,2026-03-26 06:21:28,RETURNED,EAST
ORD01459,CUST0307,2025-11-22 05:02:45,DELIVERED,SOUTH
ORD01460,CUST0108,2025-12-19 20:48:17,PLACED,WEST
ORD01461,CUST0225,2025-01-03 20:55:06,SHIPPED,SOUTH
ORD01462,CUST0478,2026-04-30 14:42:43,SHIPPED,SOUTH
ORD01463,CUST0493,2026-07-25 13:40:43,DELIVERED,WEST
ORD01464,CUST0211,2025-11-07 22:22:01,SHIPPED,NORTH
ORD01465,CUST0372,2025-01-08 16:24:07,PLACED,EAST
ORD01466,CUST0031,2026-03-07 20:12:03,PLACED,SOUTH
ORD01467,CUST0298,2025-12-09 01:48:08,SHIPPED,CENTRAL
ORD01468,CUST0369,2025-02-04 02:26:42,PLACED,SOUTH
ORD01469,CUST0203,2025-08-09 16:01:27,SHIPPED,SOUTH
ORD01470,CUST0269,2026-07-13 08:05:12,SHIPPED,EAST
ORD01471,CUST0568,2025-07-11 01:06:22,SHIPPED,SOUTH
ORD01472,CUST0023,2025-05-17 18:19:15,DELIVERED,NORTH
ORD01473,CUST0022,2026-06-11 04:37:39,SHIPPED,WEST
ORD01474,CUST0114,2025-09-20 19:55:17,SHIPPED,EAST
ORD01475,CUST0468,2025-07-06 12:43:09,DELIVERED,EAST
ORD01476,CUST0176,2026-02-14 06:37:34,RETURNED,WEST
ORD01477,CUST0067,2025-04-03 00:52:32,SHIPPED,SOUTH
ORD01478,CUST0195,2025-05-29 21:11:53,RETURNED,WEST
ORD01479,CUST0384,2025-09-04 23:02:51,RETURNED,WEST
ORD01480,CUST0251,2025-02-05 21:08:26,RETURNED,CENTRAL
ORD01481,CUST0194,2026-02-20 21:51:12,DELIVERED,SOUTH
ORD01482,CUST0336,2025-07-11 23:36:48,PLACED,EAST
ORD01483,CUST0130,2026-01-30 18:49:47,RETURNED,WEST
ORD01484,CUST0215,2026-07-19 21:49:39,PLACED,WEST
ORD01485,CUST0067,2025-05-11 01:11:14,RETURNED,WEST
ORD01486,CUST0522,2025-10-18 16:49:32,CANCELLED,CENTRAL
ORD01487,CUST0476,2025-05-20 00:46:27,DELIVERED,EAST
ORD01488,CUST0539,2026-06-24 10:35:55,CANCELLED,WEST
ORD01489,CUST0486,2025-07-28 10:08:07,RETURNED,WEST
ORD01490,CUST0598,2026-05-20 15:58:49,PLACED,SOUTH
ORD01491,CUST0225,2025-06-07 16:12:12,CANCELLED,SOUTH
ORD01492,CUST0406,2025-06-19 18:52:56,DELIVERED,WEST
ORD01493,CUST0387,2026-03-20 19:06:57,SHIPPED,EAST
ORD01494,CUST0261,2026-03-04 15:01:57,PLACED,SOUTH
ORD01495,CUST0087,2025-08-18 04:05:37,CANCELLED,CENTRAL
ORD01496,CUST0361,2025-06-28 18:49:15,RETURNED,NORTH
ORD01497,CUST0477,2026-02-02 21:15:26,RETURNED,EAST
ORD01498,CUST0437,2025-12-17 10:04:04,CANCELLED,WEST
ORD01499,CUST0419,2025-10-13 10:55:08,CANCELLED,EAST
ORD01500,CUST0280,2025-10-24 23:54:38,PLACED,SOUTH
