customer_id,customer_name,email,registration_date,customer_type
CUST0001,Arjun Sharma,user1,2025-01-15,REGULAR
CUST0002,Rahul Gupta,user2example.com,2026-04-27,REGULAR
CUST0003,Aditi Pawar,user3example.com,2024-02-16,REGULAR
CUST0004,Karan Joshi,user4example.com,2026-05-21,REGULAR
CUST0005,Kavya Pawar,user5@,2025-11-28,VIP
CUST0006,Amit Singh,user6example.com,2024-09-05,VIP
CUST0007,Isha Kulkarni,user7,2024-08-29,REGULAR
CUST0008,Neha Patel,user8example.com,2025-08-13,REGULAR
CUST0009,Priya Khan,user9,2026-07-26,PREMIUM
CUST0010,Vivaan Gupta,@example.com,2026-04-13,REGULAR
CUST0011,Ananya Patel,user11,2025-07-15,VIP
CUST0012,Karan Gupta,user12example.com,2024-03-12,VIP
CUST0013,Yash Singh,yash.singh13@example.com,2025-03-25,REGULAR
CUST0014,Yash Khan,yash.khan14@example.com,2024-06-05,PREMIUM
CUST0015,Amit Jadhav,amit.jadhav15@example.com,2025-07-20,REGULAR
CUST0016,Priya Kulkarni,priya.kulkarni16@example.com,2024-11-21,VIP
CUST0017,Amit Gupta,amit.gupta17@example.com,2024-04-20,VIP
CUST0018,Rohan More,rohan.more18@example.com,2025-01-15,REGULAR
CUST0019,Sneha Pawar,sneha.pawar19@example.com,2025-02-23,VIP
CUST0020,Kavya Joshi,kavya.joshi20@example.com,2025-05-18,REGULAR
CUST0021,Yash Khan,yash.khan21@example.com,2024-02-19,PREMIUM
CUST0022,Ananya Deshmukh,ananya.deshmukh22@example.com,2024-04-12,REGULAR
CUST0023,Aditi Mehta,aditi.mehta23@example.com,2025-05-03,REGULAR
CUST0024,Pooja Pawar,pooja.pawar24@example.com,2025-12-13,REGULAR
CUST0025,Amit Sawant,amit.sawant25@example.com,2025-01-18,VIP
CUST0026,Kavya More,kavya.more26@example.com,2025-02-12,VIP
CUST0027,Aditi Pawar,aditi.pawar27@example.com,2026-06-25,PREMIUM
CUST0028,Priya Joshi,priya.joshi28@example.com,2024-08-02,VIP
CUST0029,Pooja Patel,pooja.patel29@example.com,2024-03-14,REGULAR
CUST0030,Rahul Verma,rahul.verma30@example.com,2024-09-05,VIP
CUST0031,Isha Shinde,isha.shinde31@example.com,2024-04-08,PREMIUM
CUST0032,Ananya Shinde,ananya.shinde32@example.com,2025-12-28,VIP
CUST0033,Amit More,amit.more33@example.com,2024-01-18,VIP
CUST0034,Arjun Verma,arjun.verma34@example.com,2026-04-14,PREMIUM
CUST0035,Neha Patel,neha.patel35@example.com,2025-03-31,PREMIUM
CUST0036,Rohan Jadhav,rohan.jadhav36@example.com,2024-01-06,VIP
CUST0037,Amit More,amit.more37@example.com,2024-10-04,VIP
CUST0038,Arjun Khan,arjun.khan38@example.com,2025-04-08,VIP
CUST0039,Riya Shinde,riya.shinde39@example.com,2024-11-04,REGULAR
CUST0040,Priya Singh,priya.singh40@example.com,2024-09-07,VIP
CUST0041,Riya Mehta,riya.mehta41@example.com,2024-01-01,VIP
CUST0042,Neha Jadhav,neha.jadhav42@example.com,2024-01-31,REGULAR
CUST0043,Priya Mehta,priya.mehta43@example.com,2025-04-22,REGULAR
CUST0044,Vivaan Joshi,vivaan.joshi44@example.com,2026-05-31,REGULAR
CUST0045,Aditya Gupta,aditya.gupta45@example.com,2026-01-24,REGULAR
CUST0046,Kavya Singh,kavya.singh46@example.com,2024-07-14,REGULAR
CUST0047,Pooja More,pooja.more47@example.com,2024-09-13,PREMIUM
CUST0048,Riya Khan,riya.khan48@example.com,2026-07-31,PREMIUM
CUST0049,Karan Mehta,karan.mehta49@example.com,2026-04-17,VIP
CUST0050,Karan Gupta,karan.gupta50@example.com,2025-04-29,PREMIUM
CUST0051,Priya Jadhav,priya.jadhav51@example.com,2026-03-15,PREMIUM
CUST0052,Arjun Joshi,arjun.joshi52@example.com,2024-12-15,REGULAR
CUST0053,Neha Sharma,neha.sharma53@example.com,2026-07-02,VIP
CUST0054,Yash Shinde,yash.shinde54@example.com,2024-12-08,REGULAR
CUST0055,Aditya Gupta,aditya.gupta55@example.com,2024-04-01,REGULAR
CUST0056,Aditya Mehta,aditya.mehta56@example.com,2024-02-18,PREMIUM
CUST0057,Aditya More,aditya.more57@example.com,2025-01-04,PREMIUM
CUST0058,Pooja Joshi,pooja.joshi58@example.com,2026-04-17,REGULAR
CUST0059,Aditi Shinde,aditi.shinde59@example.com,2026-01-04,REGULAR
CUST0060,Pooja Singh,pooja.singh60@example.com,2025-09-24,REGULAR
CUST0061,Arjun Patel,arjun.patel61@example.com,2025-10-31,PREMIUM
CUST0062,Isha Pawar,isha.pawar62@example.com,2025-12-26,VIP
CUST0063,Vivaan Verma,vivaan.verma63@example.com,2024-06-01,REGULAR
CUST0064,Ananya Gupta,ananya.gupta64@example.com,2025-06-11,REGULAR
CUST0065,Yash Joshi,yash.joshi65@example.com,2024-10-22,VIP
CUST0066,Sneha Sawant,sneha.sawant66@example.com,2025-10-17,REGULAR
CUST0067,Amit Jadhav,amit.jadhav67@example.com,2025-01-23,REGULAR
CUST0068,Sneha Singh,sneha.singh68@example.com,2026-05-04,REGULAR
CUST0069,Vivaan Verma,vivaan.verma69@example.com,2026-04-19,REGULAR
CUST0070,Aditya Mehta,aditya.mehta70@example.com,2025-01-02,REGULAR
CUST0071,Isha Jadhav,isha.jadhav71@example.com,2026-01-17,REGULAR
CUST0072,Ananya Mehta,ananya.mehta72@example.com,2024-04-01,REGULAR
CUST0073,Ananya Sharma,ananya.sharma73@example.com,2025-08-29,PREMIUM
CUST0074,Sneha Deshmukh,sneha.deshmukh74@example.com,2025-10-19,VIP
CUST0075,Kavya Verma,kavya.verma75@example.com,2026-01-26,REGULAR
CUST0076,Karan Deshmukh,karan.deshmukh76@example.com,2024-12-04,REGULAR
CUST0077,Aditi Gupta,aditi.gupta77@example.com,2026-04-22,REGULAR
CUST0078,Neha Sharma,neha.sharma78@example.com,2024-03-18,VIP
CUST0079,Pooja More,pooja.more79@example.com,2026-04-05,REGULAR
CUST0080,Vivaan More,vivaan.more80@example.com,2024-05-04,REGULAR
CUST0081,Aditya Shinde,aditya.shinde81@example.com,2024-04-15,VIP
CUST0082,Yash Pawar,yash.pawar82@example.com,2024-07-05,VIP
CUST0083,Yash Shinde,yash.shinde83@example.com,2026-07-12,REGULAR
CUST0084,Meera Patel,meera.patel84@example.com,2025-10-13,VIP
CUST0085,Aditi Shinde,aditi.shinde85@example.com,2026-03-23,PREMIUM
CUST0086,Amit Joshi,amit.joshi86@example.com,2025-05-03,REGULAR
CUST0087,Amit Pawar,amit.pawar87@example.com,2024-07-22,VIP
CUST0088,Akash Jadhav,akash.jadhav88@example.com,2025-05-06,REGULAR
CUST0089,Aarav Jadhav,aarav.jadhav89@example.com,2026-05-24,REGULAR
CUST0090,Aditya More,aditya.more90@example.com,2024-11-27,VIP
CUST0091,Amit Sawant,amit.sawant91@example.com,2025-06-26,REGULAR
CUST0092,Yash Kulkarni,yash.kulkarni92@example.com,2025-03-18,REGULAR
CUST0093,Sneha Khan,sneha.khan93@example.com,2026-04-23,VIP
CUST0094,Akash Shinde,akash.shinde94@example.com,2026-04-01,REGULAR
CUST0095,Kavya Deshmukh,kavya.deshmukh95@example.com,2024-06-09,REGULAR
CUST0096,Amit Patel,amit.patel96@example.com,2024-06-15,VIP
CUST0097,Kavya Sawant,kavya.sawant97@example.com,2025-02-27,PREMIUM
CUST0098,Meera Joshi,meera.joshi98@example.com,2025-06-16,REGULAR
CUST0099,Amit More,amit.more99@example.com,2026-01-28,PREMIUM
CUST0100,Vivaan Patel,vivaan.patel100@example.com,2025-10-20,PREMIUM
CUST0101,Vivaan Sharma,vivaan.sharma101@example.com,2025-06-02,REGULAR
CUST0102,Amit Sawant,amit.sawant102@example.com,2025-11-17,VIP
CUST0103,Isha More,isha.more103@example.com,2024-01-16,REGULAR
CUST0104,Aditya Mehta,aditya.mehta104@example.com,2024-08-19,VIP
CUST0105,Vivaan Khan,vivaan.khan105@example.com,2025-07-27,VIP
CUST0106,Kavya Sawant,kavya.sawant106@example.com,2025-10-29,REGULAR
CUST0107,Vivaan Deshmukh,vivaan.deshmukh107@example.com,2025-07-20,REGULAR
CUST0108,Priya Joshi,priya.joshi108@example.com,2025-01-22,VIP
CUST0109,Arjun Kulkarni,arjun.kulkarni109@example.com,2026-05-19,PREMIUM
CUST0110,Meera Gupta,meera.gupta110@example.com,2024-08-28,REGULAR
CUST0111,Rohan Singh,rohan.singh111@example.com,2024-10-02,PREMIUM
CUST0112,Aarav Sawant,aarav.sawant112@example.com,2025-05-31,PREMIUM
CUST0113,Yash Deshmukh,yash.deshmukh113@example.com,2024-09-04,VIP
CUST0114,Arjun Pawar,arjun.pawar114@example.com,2024-03-01,PREMIUM
CUST0115,Yash Joshi,yash.joshi115@example.com,2025-12-16,PREMIUM
CUST0116,Akash Khan,akash.khan116@example.com,2024-12-19,REGULAR
CUST0117,Aarav Verma,aarav.verma117@example.com,2024-10-27,PREMIUM
CUST0118,Neha Deshmukh,neha.deshmukh118@example.com,2024-04-17,PREMIUM
CUST0119,Priya Verma,priya.verma119@example.com,2026-03-02,PREMIUM
CUST0120,Kavya Kulkarni,kavya.kulkarni120@example.com,2024-02-12,REGULAR
CUST0121,Amit Sawant,amit.sawant121@example.com,2026-06-20,PREMIUM
CUST0122,Vivaan Patel,vivaan.patel122@example.com,2026-07-15,PREMIUM
CUST0123,Priya Gupta,priya.gupta123@example.com,2025-05-02,PREMIUM
CUST0124,Meera More,meera.more124@example.com,2024-06-28,PREMIUM
CUST0125,Aditi Joshi,aditi.joshi125@example.com,2025-01-30,REGULAR
CUST0126,Isha Sharma,isha.sharma126@example.com,2026-03-18,VIP
CUST0127,Karan Kulkarni,karan.kulkarni127@example.com,2025-10-31,REGULAR
CUST0128,Neha Shinde,neha.shinde128@example.com,2025-05-02,VIP
CUST0129,Arjun Gupta,arjun.gupta129@example.com,2025-04-11,VIP
CUST0130,Akash Verma,akash.verma130@example.com,2025-09-26,PREMIUM
CUST0131,Ananya Gupta,ananya.gupta131@example.com,2025-04-04,VIP
CUST0132,Rahul Joshi,rahul.joshi132@example.com,2025-10-15,VIP
CUST0133,Ananya Verma,ananya.verma133@example.com,2024-09-27,VIP
CUST0134,Aditi Deshmukh,aditi.deshmukh134@example.com,2025-09-22,VIP
CUST0135,Aarav Deshmukh,aarav.deshmukh135@example.com,2025-03-21,REGULAR
CUST0136,Isha Singh,isha.singh136@example.com,2026-06-19,VIP
CUST0137,Neha Jadhav,neha.jadhav137@example.com,2025-11-17,PREMIUM
CUST0138,Karan More,karan.more138@example.com,2026-01-05,VIP
CUST0139,Rohan Verma,rohan.verma139@example.com,2024-05-11,PREMIUM
CUST0140,Riya Verma,riya.verma140@example.com,2025-06-04,REGULAR
CUST0141,Yash Verma,yash.verma141@example.com,2025-04-27,REGULAR
CUST0142,Karan Sawant,karan.sawant142@example.com,2024-02-07,REGULAR
CUST0143,Yash Jadhav,yash.jadhav143@example.com,2024-04-23,PREMIUM
CUST0144,Isha Mehta,isha.mehta144@example.com,2026-06-13,REGULAR
CUST0145,Ananya Jadhav,ananya.jadhav145@example.com,2025-09-12,REGULAR
CUST0146,Rahul Verma,rahul.verma146@example.com,2024-01-09,REGULAR
CUST0147,Isha Joshi,isha.joshi147@example.com,2024-09-30,VIP
CUST0148,Riya Jadhav,riya.jadhav148@example.com,2024-03-19,VIP
CUST0149,Yash Mehta,yash.mehta149@example.com,2024-07-07,PREMIUM
CUST0150,Rahul Singh,rahul.singh150@example.com,2025-12-22,VIP
CUST0151,Riya More,riya.more151@example.com,2026-07-14,PREMIUM
CUST0152,Sneha Shinde,sneha.shinde152@example.com,2026-02-23,PREMIUM
CUST0153,Kavya Jadhav,kavya.jadhav153@example.com,2024-09-04,VIP
CUST0154,Pooja Jadhav,pooja.jadhav154@example.com,2025-02-06,REGULAR
CUST0155,Amit Singh,amit.singh155@example.com,2026-03-20,PREMIUM
CUST0156,Yash Deshmukh,yash.deshmukh156@example.com,2025-11-14,REGULAR
CUST0157,Akash Joshi,akash.joshi157@example.com,2025-02-26,PREMIUM
CUST0158,Neha Mehta,neha.mehta158@example.com,2026-04-19,REGULAR
CUST0159,Rahul Sawant,rahul.sawant159@example.com,2024-12-25,PREMIUM
CUST0160,Rahul Gupta,rahul.gupta160@example.com,2024-11-28,REGULAR
CUST0161,Isha Pawar,isha.pawar161@example.com,2025-05-29,VIP
CUST0162,Sneha Pawar,sneha.pawar162@example.com,2024-04-06,REGULAR
CUST0163,Isha Pawar,isha.pawar163@example.com,2026-06-26,VIP
CUST0164,Aarav Khan,aarav.khan164@example.com,2026-06-13,PREMIUM
CUST0165,Pooja Sharma,pooja.sharma165@example.com,2025-06-30,PREMIUM
CUST0166,Ananya Khan,ananya.khan166@example.com,2025-10-12,VIP
CUST0167,Kavya Singh,kavya.singh167@example.com,2026-07-26,REGULAR
CUST0168,Pooja Joshi,pooja.joshi168@example.com,2025-02-27,PREMIUM
CUST0169,Pooja Sharma,pooja.sharma169@example.com,2025-08-27,PREMIUM
CUST0170,Ananya Gupta,ananya.gupta170@example.com,2024-09-13,PREMIUM
CUST0171,Rahul Shinde,rahul.shinde171@example.com,2026-04-09,REGULAR
CUST0172,Ananya Shinde,ananya.shinde172@example.com,2026-05-26,VIP
CUST0173,Aarav Patel,aarav.patel173@example.com,2025-10-27,REGULAR
CUST0174,Sneha Sawant,sneha.sawant174@example.com,2024-03-19,PREMIUM
CUST0175,Ananya Kulkarni,ananya.kulkarni175@example.com,2024-11-24,PREMIUM
CUST0176,Neha Kulkarni,neha.kulkarni176@example.com,2025-08-11,PREMIUM
CUST0177,Isha Deshmukh,isha.deshmukh177@example.com,2024-05-07,PREMIUM
CUST0178,Aarav Gupta,aarav.gupta178@example.com,2026-04-17,REGULAR
CUST0179,Priya Joshi,priya.joshi179@example.com,2024-04-16,VIP
CUST0180,Vivaan Singh,vivaan.singh180@example.com,2024-02-18,REGULAR
CUST0181,Karan Khan,karan.khan181@example.com,2024-02-01,VIP
CUST0182,Rahul Joshi,rahul.joshi182@example.com,2024-07-15,PREMIUM
CUST0183,Arjun Shinde,arjun.shinde183@example.com,2024-12-04,PREMIUM
CUST0184,Amit Singh,amit.singh184@example.com,2025-07-27,REGULAR
CUST0185,Meera Shinde,meera.shinde185@example.com,2024-06-26,REGULAR
CUST0186,Akash Patel,akash.patel186@example.com,2026-06-17,REGULAR
CUST0187,Akash Shinde,akash.shinde187@example.com,2025-08-06,PREMIUM
CUST0188,Karan Patel,karan.patel188@example.com,2026-07-08,VIP
CUST0189,Yash Patel,yash.patel189@example.com,2025-04-13,VIP
CUST0190,Meera Singh,meera.singh190@example.com,2024-07-07,VIP
CUST0191,Vivaan Kulkarni,vivaan.kulkarni191@example.com,2026-04-07,PREMIUM
CUST0192,Priya Patel,priya.patel192@example.com,2026-02-24,VIP
CUST0193,Neha Sharma,neha.sharma193@example.com,2025-10-14,PREMIUM
CUST0194,Arjun Pawar,arjun.pawar194@example.com,2025-07-16,VIP
CUST0195,Sneha Gupta,sneha.gupta195@example.com,2024-08-25,PREMIUM
CUST0196,Rohan Gupta,rohan.gupta196@example.com,2026-03-21,VIP
CUST0197,Amit Shinde,amit.shinde197@example.com,2026-04-16,PREMIUM
CUST0198,Sneha Pawar,sneha.pawar198@example.com,2026-07-09,PREMIUM
CUST0199,Neha Khan,neha.khan199@example.com,2025-01-16,REGULAR
CUST0200,Amit Mehta,amit.mehta200@example.com,2025-12-01,REGULAR
CUST0201,Sneha Shinde,sneha.shinde201@example.com,2025-08-11,PREMIUM
CUST0202,Aarav Jadhav,aarav.jadhav202@example.com,2025-05-19,REGULAR
CUST0203,Pooja Joshi,pooja.joshi203@example.com,2025-07-05,PREMIUM
CUST0204,Neha Deshmukh,neha.deshmukh204@example.com,2026-07-15,VIP
CUST0205,Amit More,amit.more205@example.com,2024-01-16,VIP
CUST0206,Karan Patel,karan.patel206@example.com,2025-01-09,VIP
CUST0207,Isha Jadhav,isha.jadhav207@example.com,2026-05-12,REGULAR
CUST0208,Pooja Verma,pooja.verma208@example.com,2026-02-01,PREMIUM
CUST0209,Aarav Patel,aarav.patel209@example.com,2025-04-02,REGULAR
CUST0210,Ananya Gupta,ananya.gupta210@example.com,2025-01-12,PREMIUM
CUST0211,Aditi Kulkarni,aditi.kulkarni211@example.com,2026-01-05,VIP
CUST0212,Riya Kulkarni,riya.kulkarni212@example.com,2025-10-22,VIP
CUST0213,Kavya Kulkarni,kavya.kulkarni213@example.com,2025-06-30,VIP
CUST0214,Sneha Deshmukh,sneha.deshmukh214@example.com,2025-04-21,PREMIUM
CUST0215,Yash Patel,yash.patel215@example.com,2024-10-26,PREMIUM
CUST0216,Arjun Gupta,arjun.gupta216@example.com,2026-04-12,VIP
CUST0217,Rohan Joshi,rohan.joshi217@example.com,2024-12-02,VIP
CUST0218,Pooja Deshmukh,pooja.deshmukh218@example.com,2026-07-04,VIP
CUST0219,Meera Deshmukh,meera.deshmukh219@example.com,2024-06-05,REGULAR
CUST0220,Akash Joshi,akash.joshi220@example.com,2025-07-14,REGULAR
CUST0221,Akash Sharma,akash.sharma221@example.com,2026-04-09,REGULAR
CUST0222,Amit Sharma,amit.sharma222@example.com,2024-03-25,VIP
CUST0223,Akash Gupta,akash.gupta223@example.com,2024-07-15,VIP
CUST0224,Pooja Patel,pooja.patel224@example.com,2024-01-20,VIP
CUST0225,Akash Jadhav,akash.jadhav225@example.com,2026-01-13,PREMIUM
CUST0226,Neha Sawant,neha.sawant226@example.com,2024-03-20,PREMIUM
CUST0227,Pooja Patel,pooja.patel227@example.com,2024-04-11,PREMIUM
CUST0228,Pooja Patel,pooja.patel228@example.com,2026-06-15,VIP
CUST0229,Vivaan Sawant,vivaan.sawant229@example.com,2024-08-19,VIP
CUST0230,Akash Patel,akash.patel230@example.com,2025-01-20,REGULAR
CUST0231,Kavya Singh,kavya.singh231@example.com,2025-10-08,VIP
CUST0232,Meera Singh,meera.singh232@example.com,2024-12-16,VIP
CUST0233,Ananya Jadhav,ananya.jadhav233@example.com,2025-11-18,PREMIUM
CUST0234,Aditi Pawar,aditi.pawar234@example.com,2025-04-19,VIP
CUST0235,Meera Sharma,meera.sharma235@example.com,2024-06-03,REGULAR
CUST0236,Karan Deshmukh,karan.deshmukh236@example.com,2024-05-06,REGULAR
CUST0237,Yash Sawant,yash.sawant237@example.com,2026-05-07,REGULAR
CUST0238,Rohan Sharma,rohan.sharma238@example.com,2025-09-26,PREMIUM
CUST0239,Meera Jadhav,meera.jadhav239@example.com,2025-03-28,REGULAR
CUST0240,Yash Deshmukh,yash.deshmukh240@example.com,2025-03-15,VIP
CUST0241,Sneha Patel,sneha.patel241@example.com,2024-12-28,PREMIUM
CUST0242,Aditi Verma,aditi.verma242@example.com,2024-11-03,PREMIUM
CUST0243,Arjun More,arjun.more243@example.com,2024-12-15,VIP
CUST0244,Rahul Mehta,rahul.mehta244@example.com,2025-02-16,REGULAR
CUST0245,Aditya Sharma,aditya.sharma245@example.com,2024-09-14,PREMIUM
CUST0246,Meera Gupta,meera.gupta246@example.com,2026-06-03,PREMIUM
CUST0247,Sneha Patel,sneha.patel247@example.com,2025-12-29,VIP
CUST0248,Akash Gupta,akash.gupta248@example.com,2025-09-17,PREMIUM
CUST0249,Riya More,riya.more249@example.com,2026-02-06,PREMIUM
CUST0250,Aditya Shinde,aditya.shinde250@example.com,2024-03-02,PREMIUM
CUST0251,Neha Shinde,neha.shinde251@example.com,2025-01-23,REGULAR
CUST0252,Aditya Joshi,aditya.joshi252@example.com,2026-06-12,VIP
CUST0253,Aarav Singh,aarav.singh253@example.com,2025-02-22,VIP
CUST0254,Vivaan Singh,vivaan.singh254@example.com,2024-09-29,PREMIUM
CUST0255,Riya Verma,riya.verma255@example.com,2025-11-17,PREMIUM
CUST0256,Rohan Shinde,rohan.shinde256@example.com,2025-11-08,VIP
CUST0257,Pooja Patel,pooja.patel257@example.com,2025-12-31,PREMIUM
CUST0258,Isha Kulkarni,isha.kulkarni258@example.com,2025-05-13,VIP
CUST0259,Arjun Khan,arjun.khan259@example.com,2024-09-06,PREMIUM
CUST0260,Isha Gupta,isha.gupta260@example.com,2026-02-08,PREMIUM
CUST0261,Ananya Khan,ananya.khan261@example.com,2026-05-04,REGULAR
CUST0262,Sneha Patel,sneha.patel262@example.com,2025-05-03,PREMIUM
CUST0263,Neha Patel,neha.patel263@example.com,2025-09-19,VIP
CUST0264,Aarav Verma,aarav.verma264@example.com,2026-04-22,PREMIUM
CUST0265,Isha Sharma,isha.sharma265@example.com,2024-10-18,VIP
CUST0266,Priya Shinde,priya.shinde266@example.com,2026-02-13,VIP
CUST0267,Sneha Singh,sneha.singh267@example.com,2024-03-21,REGULAR
CUST0268,Amit More,amit.more268@example.com,2024-07-22,PREMIUM
CUST0269,Sneha Mehta,sneha.mehta269@example.com,2026-01-22,REGULAR
CUST0270,Aarav Verma,aarav.verma270@example.com,2025-01-06,VIP
CUST0271,Rohan Deshmukh,rohan.deshmukh271@example.com,2026-05-05,REGULAR
CUST0272,Kavya Pawar,kavya.pawar272@example.com,2024-05-24,REGULAR
CUST0273,Arjun Jadhav,arjun.jadhav273@example.com,2024-07-01,VIP
CUST0274,Rahul Jadhav,rahul.jadhav274@example.com,2025-03-29,VIP
CUST0275,Amit Pawar,amit.pawar275@example.com,2026-01-19,PREMIUM
CUST0276,Yash Jadhav,yash.jadhav276@example.com,2026-05-06,REGULAR
CUST0277,Ananya Joshi,ananya.joshi277@example.com,2026-07-20,VIP
CUST0278,Rahul Khan,rahul.khan278@example.com,2024-04-18,PREMIUM
CUST0279,Isha Kulkarni,isha.kulkarni279@example.com,2026-02-27,PREMIUM
CUST0280,Aarav Deshmukh,aarav.deshmukh280@example.com,2025-04-08,VIP
CUST0281,Aditi Verma,aditi.verma281@example.com,2026-01-30,REGULAR
CUST0282,Sneha More,sneha.more282@example.com,2026-01-22,PREMIUM
CUST0283,Neha More,neha.more283@example.com,2026-04-24,PREMIUM
CUST0284,Sneha Mehta,sneha.mehta284@example.com,2025-05-14,REGULAR
CUST0285,Yash Shinde,yash.shinde285@example.com,2025-08-17,REGULAR
CUST0286,Isha Sharma,isha.sharma286@example.com,2025-05-09,VIP
CUST0287,Pooja Gupta,pooja.gupta287@example.com,2025-08-15,PREMIUM
CUST0288,Rahul Jadhav,rahul.jadhav288@example.com,2024-02-27,REGULAR
CUST0289,Riya Shinde,riya.shinde289@example.com,2025-05-30,REGULAR
CUST0290,Sneha Patel,sneha.patel290@example.com,2026-03-28,PREMIUM
CUST0291,Aarav Gupta,aarav.gupta291@example.com,2024-08-11,PREMIUM
CUST0292,Rahul Patel,rahul.patel292@example.com,2025-12-30,PREMIUM
CUST0293,Neha Shinde,neha.shinde293@example.com,2025-09-09,VIP
CUST0294,Aditya Khan,aditya.khan294@example.com,2025-05-25,VIP
CUST0295,Kavya Pawar,kavya.pawar295@example.com,2025-05-06,VIP
CUST0296,Pooja Khan,pooja.khan296@example.com,2026-04-20,REGULAR
CUST0297,Meera Patel,meera.patel297@example.com,2024-12-30,VIP
CUST0298,Akash Joshi,akash.joshi298@example.com,2024-05-20,PREMIUM
CUST0299,Arjun Singh,arjun.singh299@example.com,2024-06-05,PREMIUM
CUST0300,Rohan Gupta,rohan.gupta300@example.com,2025-04-10,REGULAR
CUST0301,Vivaan Kulkarni,vivaan.kulkarni301@example.com,2024-03-28,PREMIUM
CUST0302,Priya Kulkarni,priya.kulkarni302@example.com,2025-10-31,REGULAR
CUST0303,Yash More,yash.more303@example.com,2025-10-02,VIP
CUST0304,Rohan Sawant,rohan.sawant304@example.com,2024-09-28,REGULAR
CUST0305,Meera Khan,meera.khan305@example.com,2025-08-17,VIP
CUST0306,Yash Jadhav,yash.jadhav306@example.com,2026-06-24,REGULAR
CUST0307,Yash Jadhav,yash.jadhav307@example.com,2025-01-29,PREMIUM
CUST0308,Amit Verma,amit.verma308@example.com,2024-01-15,PREMIUM
CUST0309,Akash Verma,akash.verma309@example.com,2026-04-29,REGULAR
CUST0310,Aditya Jadhav,aditya.jadhav310@example.com,2025-06-20,VIP
CUST0311,Akash Verma,akash.verma311@example.com,2025-10-21,VIP
CUST0312,Amit Jadhav,amit.jadhav312@example.com,2025-04-14,REGULAR
CUST0313,Ananya Khan,ananya.khan313@example.com,2026-01-20,REGULAR
CUST0314,Yash Pawar,yash.pawar314@example.com,2026-06-07,PREMIUM
CUST0315,Aditi Deshmukh,aditi.deshmukh315@example.com,2025-04-03,REGULAR
CUST0316,Ananya Deshmukh,ananya.deshmukh316@example.com,2024-01-13,VIP
CUST0317,Vivaan Mehta,vivaan.mehta317@example.com,2026-07-31,VIP
CUST0318,Pooja Khan,pooja.khan318@example.com,2025-03-20,REGULAR
CUST0319,Meera Singh,meera.singh319@example.com,2025-07-01,REGULAR
CUST0320,Karan Shinde,karan.shinde320@example.com,2025-01-24,VIP
CUST0321,Rahul Verma,rahul.verma321@example.com,2024-05-30,VIP
CUST0322,Vivaan Deshmukh,vivaan.deshmukh322@example.com,2025-11-15,REGULAR
CUST0323,Aditi Kulkarni,aditi.kulkarni323@example.com,2024-07-23,REGULAR
CUST0324,Akash Kulkarni,akash.kulkarni324@example.com,2025-10-07,REGULAR
CUST0325,Karan Sawant,karan.sawant325@example.com,2026-04-17,PREMIUM
CUST0326,Riya More,riya.more326@example.com,2025-02-27,REGULAR
CUST0327,Amit Mehta,amit.mehta327@example.com,2026-01-18,PREMIUM
CUST0328,Neha Singh,neha.singh328@example.com,2024-06-27,PREMIUM
CUST0329,Aditya Sawant,aditya.sawant329@example.com,2024-12-16,VIP
CUST0330,Ananya Khan,ananya.khan330@example.com,2026-05-15,PREMIUM
CUST0331,Aditya Singh,aditya.singh331@example.com,2025-09-04,REGULAR
CUST0332,Amit More,amit.more332@example.com,2024-07-10,PREMIUM
CUST0333,Priya Verma,priya.verma333@example.com,2025-02-11,VIP
CUST0334,Ananya Khan,ananya.khan334@example.com,2025-07-31,REGULAR
CUST0335,Yash Jadhav,yash.jadhav335@example.com,2024-02-08,VIP
CUST0336,Kavya Kulkarni,kavya.kulkarni336@example.com,2024-12-09,VIP
CUST0337,Aditya Verma,aditya.verma337@example.com,2025-12-22,VIP
CUST0338,Akash Verma,akash.verma338@example.com,2025-09-26,REGULAR
CUST0339,Rahul Sharma,rahul.sharma339@example.com,2024-02-27,PREMIUM
CUST0340,Pooja Patel,pooja.patel340@example.com,2024-05-30,REGULAR
CUST0341,Kavya Sawant,kavya.sawant341@example.com,2025-08-26,PREMIUM
CUST0342,Priya Verma,priya.verma342@example.com,2026-04-19,PREMIUM
CUST0343,Aditi Gupta,aditi.gupta343@example.com,2024-08-28,PREMIUM
CUST0344,Arjun Khan,arjun.khan344@example.com,2026-01-30,VIP
CUST0345,Isha Deshmukh,isha.deshmukh345@example.com,2024-02-20,VIP
CUST0346,Priya Joshi,priya.joshi346@example.com,2025-11-19,PREMIUM
CUST0347,Yash Khan,yash.khan347@example.com,2025-07-17,REGULAR
CUST0348,Priya More,priya.more348@example.com,2025-07-11,REGULAR
CUST0349,Ananya Deshmukh,ananya.deshmukh349@example.com,2024-10-21,REGULAR
CUST0350,Sneha Patel,sneha.patel350@example.com,2024-11-25,VIP
CUST0351,Meera Sharma,meera.sharma351@example.com,2024-03-19,PREMIUM
CUST0352,Yash Sawant,yash.sawant352@example.com,2026-05-27,REGULAR
CUST0353,Aditya Khan,aditya.khan353@example.com,2026-05-10,REGULAR
CUST0354,Aditi Joshi,aditi.joshi354@example.com,2024-12-27,PREMIUM
CUST0355,Rahul Singh,rahul.singh355@example.com,2026-07-14,REGULAR
CUST0356,Amit Khan,amit.khan356@example.com,2024-08-12,REGULAR
CUST0357,Kavya Deshmukh,kavya.deshmukh357@example.com,2024-09-28,REGULAR
CUST0358,Aarav Sawant,aarav.sawant358@example.com,2024-01-24,PREMIUM
CUST0359,Yash Shinde,yash.shinde359@example.com,2025-05-17,REGULAR
CUST0360,Rohan Deshmukh,rohan.deshmukh360@example.com,2024-03-22,REGULAR
CUST0361,Isha More,isha.more361@example.com,2024-06-25,VIP
CUST0362,Aditya Jadhav,aditya.jadhav362@example.com,2025-11-27,PREMIUM
CUST0363,Riya Shinde,riya.shinde363@example.com,2024-06-18,PREMIUM
CUST0364,Riya Joshi,riya.joshi364@example.com,2024-03-08,VIP
CUST0365,Riya Deshmukh,riya.deshmukh365@example.com,2025-12-12,VIP
CUST0366,Aarav Sharma,aarav.sharma366@example.com,2026-01-14,PREMIUM
CUST0367,Isha Verma,isha.verma367@example.com,2024-06-16,PREMIUM
CUST0368,Sneha Patel,sneha.patel368@example.com,2024-05-05,PREMIUM
CUST0369,Meera Sawant,meera.sawant369@example.com,2024-04-12,REGULAR
CUST0370,Amit Shinde,amit.shinde370@example.com,2026-06-28,VIP
CUST0371,Neha Pawar,neha.pawar371@example.com,2026-07-17,VIP
CUST0372,Akash Jadhav,akash.jadhav372@example.com,2026-02-24,VIP
CUST0373,Isha Patel,isha.patel373@example.com,2024-06-26,VIP
CUST0374,Kavya Gupta,kavya.gupta374@example.com,2024-11-30,PREMIUM
CUST0375,Sneha Mehta,sneha.mehta375@example.com,2024-12-20,PREMIUM
CUST0376,Neha Khan,neha.khan376@example.com,2025-12-05,PREMIUM
CUST0377,Isha Gupta,isha.gupta377@example.com,2024-05-27,PREMIUM
CUST0378,Isha Kulkarni,isha.kulkarni378@example.com,2025-01-30,PREMIUM
CUST0379,Rahul Verma,rahul.verma379@example.com,2026-01-06,REGULAR
CUST0380,Aditya Khan,aditya.khan380@example.com,2024-05-12,REGULAR
CUST0381,Isha Patel,isha.patel381@example.com,2025-08-01,REGULAR
CUST0382,Kavya Sharma,kavya.sharma382@example.com,2026-06-30,VIP
CUST0383,Kavya Kulkarni,kavya.kulkarni383@example.com,2024-07-08,PREMIUM
CUST0384,Priya Khan,priya.khan384@example.com,2025-10-19,VIP
CUST0385,Vivaan Deshmukh,vivaan.deshmukh385@example.com,2026-07-21,PREMIUM
CUST0386,Priya Patel,priya.patel386@example.com,2026-06-16,VIP
CUST0387,Karan Sawant,karan.sawant387@example.com,2026-01-19,REGULAR
CUST0388,Arjun Kulkarni,arjun.kulkarni388@example.com,2026-05-14,PREMIUM
CUST0389,Arjun Singh,arjun.singh389@example.com,2025-03-08,VIP
CUST0390,Yash Singh,yash.singh390@example.com,2025-10-28,VIP
CUST0391,Meera Shinde,meera.shinde391@example.com,2026-05-14,REGULAR
CUST0392,Meera Mehta,meera.mehta392@example.com,2025-02-19,REGULAR
CUST0393,Rohan Deshmukh,rohan.deshmukh393@example.com,2025-04-24,PREMIUM
CUST0394,Priya Sharma,priya.sharma394@example.com,2024-10-08,REGULAR
CUST0395,Aditi Verma,aditi.verma395@example.com,2025-09-14,REGULAR
CUST0396,Rahul Gupta,rahul.gupta396@example.com,2024-02-17,REGULAR
CUST0397,Riya Joshi,riya.joshi397@example.com,2025-08-07,PREMIUM
CUST0398,Sneha Kulkarni,sneha.kulkarni398@example.com,2024-09-01,PREMIUM
CUST0399,Akash Gupta,akash.gupta399@example.com,2025-05-18,VIP
CUST0400,Meera Patel,meera.patel400@example.com,2024-03-22,REGULAR
CUST0401,Rohan Singh,rohan.singh401@example.com,2024-03-18,VIP
CUST0402,Aditya Deshmukh,aditya.deshmukh402@example.com,2025-11-19,VIP
CUST0403,Isha Jadhav,isha.jadhav403@example.com,2025-11-17,PREMIUM
CUST0404,Amit Joshi,amit.joshi404@example.com,2026-03-06,REGULAR
CUST0405,Priya Pawar,priya.pawar405@example.com,2024-06-21,PREMIUM
CUST0406,Aditi Jadhav,aditi.jadhav406@example.com,2026-03-29,VIP
CUST0407,Akash Sharma,akash.sharma407@example.com,2024-12-08,PREMIUM
CUST0408,Meera Sharma,meera.sharma408@example.com,2024-01-12,REGULAR
CUST0409,Akash Joshi,akash.joshi409@example.com,2024-08-01,PREMIUM
CUST0410,Akash Kulkarni,akash.kulkarni410@example.com,2024-07-05,REGULAR
CUST0411,Pooja Gupta,pooja.gupta411@example.com,2025-10-30,REGULAR
CUST0412,Rahul Pawar,rahul.pawar412@example.com,2026-04-07,VIP
CUST0413,Yash More,yash.more413@example.com,2026-05-17,VIP
CUST0414,Priya Patel,priya.patel414@example.com,2025-09-08,VIP
CUST0415,Vivaan Pawar,vivaan.pawar415@example.com,2024-01-30,PREMIUM
CUST0416,Aditya Khan,aditya.khan416@example.com,2025-05-01,VIP
CUST0417,Isha Shinde,isha.shinde417@example.com,2025-09-20,VIP
CUST0418,Isha Deshmukh,isha.deshmukh418@example.com,2024-06-27,PREMIUM
CUST0419,Aarav Kulkarni,aarav.kulkarni419@example.com,2024-09-23,VIP
CUST0420,Sneha Khan,sneha.khan420@example.com,2025-07-16,REGULAR
CUST0421,Isha Khan,isha.khan421@example.com,2024-06-13,REGULAR
CUST0422,Isha Shinde,isha.shinde422@example.com,2025-09-14,VIP
CUST0423,Aditya Pawar,aditya.pawar423@example.com,2025-04-26,VIP
CUST0424,Neha Joshi,neha.joshi424@example.com,2025-06-01,REGULAR
CUST0425,Aditya More,aditya.more425@example.com,2024-06-26,VIP
CUST0426,Riya Joshi,riya.joshi426@example.com,2025-06-26,PREMIUM
CUST0427,Rahul Joshi,rahul.joshi427@example.com,2024-06-08,REGULAR
CUST0428,Amit Joshi,amit.joshi428@example.com,2024-09-26,VIP
CUST0429,Rahul Singh,rahul.singh429@example.com,2024-04-27,REGULAR
CUST0430,Pooja Jadhav,pooja.jadhav430@example.com,2026-05-25,VIP
CUST0431,Sneha Verma,sneha.verma431@example.com,2026-05-26,VIP
CUST0432,Meera Kulkarni,meera.kulkarni432@example.com,2025-05-06,REGULAR
CUST0433,Sneha Patel,sneha.patel433@example.com,2025-12-29,PREMIUM
CUST0434,Akash Singh,akash.singh434@example.com,2025-03-02,VIP
CUST0435,Vivaan Kulkarni,vivaan.kulkarni435@example.com,2026-02-27,REGULAR
CUST0436,Akash Jadhav,akash.jadhav436@example.com,2025-12-03,REGULAR
CUST0437,Vivaan Kulkarni,vivaan.kulkarni437@example.com,2025-03-21,REGULAR
CUST0438,Aditya Shinde,aditya.shinde438@example.com,2026-07-11,VIP
CUST0439,Ananya Jadhav,ananya.jadhav439@example.com,2026-06-20,VIP
CUST0440,Vivaan Jadhav,vivaan.jadhav440@example.com,2026-06-07,VIP
CUST0441,Karan Kulkarni,karan.kulkarni441@example.com,2026-07-28,PREMIUM
CUST0442,Riya Sawant,riya.sawant442@example.com,2024-04-06,PREMIUM
CUST0443,Arjun Singh,arjun.singh443@example.com,2025-06-17,VIP
CUST0444,Aditya More,aditya.more444@example.com,2024-09-25,REGULAR
CUST0445,Yash Gupta,yash.gupta445@example.com,2025-11-11,PREMIUM
CUST0446,Riya More,riya.more446@example.com,2024-09-03,PREMIUM
CUST0447,Priya Mehta,priya.mehta447@example.com,2025-03-15,PREMIUM
CUST0448,Isha Singh,isha.singh448@example.com,2025-06-09,VIP
CUST0449,Meera Sharma,meera.sharma449@example.com,2025-06-03,REGULAR
CUST0450,Neha Patel,neha.patel450@example.com,2026-05-16,VIP
CUST0451,Ananya Deshmukh,ananya.deshmukh451@example.com,2025-01-26,VIP
CUST0452,Meera Khan,meera.khan452@example.com,2024-08-21,PREMIUM
CUST0453,Aditya Shinde,aditya.shinde453@example.com,2024-08-07,PREMIUM
CUST0454,Akash Verma,akash.verma454@example.com,2025-08-31,REGULAR
CUST0455,Meera Gupta,meera.gupta455@example.com,2024-05-11,PREMIUM
CUST0456,Kavya Pawar,kavya.pawar456@example.com,2025-05-25,REGULAR
CUST0457,Riya Patel,riya.patel457@example.com,2025-10-19,VIP
CUST0458,Priya Sharma,priya.sharma458@example.com,2025-07-17,PREMIUM
CUST0459,Rohan Joshi,rohan.joshi459@example.com,2025-06-14,PREMIUM
CUST0460,Karan Joshi,karan.joshi460@example.com,2024-08-01,REGULAR
CUST0461,Aditya Deshmukh,aditya.deshmukh461@example.com,2024-06-06,VIP
CUST0462,Kavya Khan,kavya.khan462@example.com,2026-03-28,REGULAR
CUST0463,Neha Mehta,neha.mehta463@example.com,2024-07-22,VIP
CUST0464,Ananya Sawant,ananya.sawant464@example.com,2024-09-09,REGULAR
CUST0465,Meera Singh,meera.singh465@example.com,2024-09-14,VIP
CUST0466,Sneha Sharma,sneha.sharma466@example.com,2025-09-30,PREMIUM
CUST0467,Yash Jadhav,yash.jadhav467@example.com,2025-03-18,VIP
CUST0468,Sneha Joshi,sneha.joshi468@example.com,2026-04-09,REGULAR
CUST0469,Akash Singh,akash.singh469@example.com,2025-12-29,REGULAR
CUST0470,Priya Verma,priya.verma470@example.com,2026-06-05,PREMIUM
CUST0471,Sneha Singh,sneha.singh471@example.com,2025-03-13,PREMIUM
CUST0472,Riya More,riya.more472@example.com,2025-10-12,REGULAR
CUST0473,Karan Singh,karan.singh473@example.com,2026-07-28,REGULAR
CUST0474,Amit Sharma,amit.sharma474@example.com,2026-01-16,PREMIUM
CUST0475,Kavya Mehta,kavya.mehta475@example.com,2024-06-08,VIP
CUST0476,Riya Khan,riya.khan476@example.com,2024-07-12,PREMIUM
CUST0477,Aditya Singh,aditya.singh477@example.com,2024-09-06,PREMIUM
CUST0478,Sneha Mehta,sneha.mehta478@example.com,2026-03-08,REGULAR
CUST0479,Isha Patel,isha.patel479@example.com,2024-12-10,PREMIUM
CUST0480,Priya Mehta,priya.mehta480@example.com,2024-02-11,PREMIUM
CUST0481,Vivaan Pawar,vivaan.pawar481@example.com,2026-02-18,PREMIUM
CUST0482,Yash Pawar,yash.pawar482@example.com,2024-05-06,PREMIUM
CUST0483,Yash Sharma,yash.sharma483@example.com,2025-05-10,REGULAR
CUST0484,Neha Singh,neha.singh484@example.com,2024-08-14,REGULAR
CUST0485,Vivaan Deshmukh,vivaan.deshmukh485@example.com,2026-01-03,VIP
CUST0486,Rahul Singh,rahul.singh486@example.com,2025-12-29,PREMIUM
CUST0487,Meera Sharma,meera.sharma487@example.com,2024-05-03,REGULAR
CUST0488,Amit Joshi,amit.joshi488@example.com,2024-08-20,VIP
CUST0489,Meera More,meera.more489@example.com,2025-10-19,REGULAR
CUST0490,Akash Joshi,akash.joshi490@example.com,2025-04-12,REGULAR
CUST0491,Vivaan Joshi,vivaan.joshi491@example.com,2025-10-14,VIP
CUST0492,Meera Jadhav,meera.jadhav492@example.com,2024-04-07,REGULAR
CUST0493,Pooja Shinde,pooja.shinde493@example.com,2026-04-12,REGULAR
CUST0494,Riya Shinde,riya.shinde494@example.com,2025-01-10,VIP
CUST0495,Rahul Deshmukh,rahul.deshmukh495@example.com,2025-10-28,REGULAR
CUST0496,Meera Kulkarni,meera.kulkarni496@example.com,2025-01-08,VIP
CUST0497,Isha Sawant,isha.sawant497@example.com,2024-05-12,VIP
CUST0498,Priya Patel,priya.patel498@example.com,2026-03-28,VIP
CUST0499,Riya Singh,riya.singh499@example.com,2026-02-27,VIP
CUST0500,Aarav Pawar,aarav.pawar500@example.com,2025-12-31,REGULAR
CUST0501,Ananya Kulkarni,ananya.kulkarni501@example.com,2025-01-29,VIP
CUST0502,Aarav Kulkarni,aarav.kulkarni502@example.com,2024-04-14,PREMIUM
CUST0503,Yash Gupta,yash.gupta503@example.com,2024-06-10,VIP
CUST0504,Neha Sawant,neha.sawant504@example.com,2024-03-09,PREMIUM
CUST0505,Kavya Kulkarni,kavya.kulkarni505@example.com,2024-09-28,VIP
CUST0506,Sneha Gupta,sneha.gupta506@example.com,2026-01-13,VIP
CUST0507,Rohan Singh,rohan.singh507@example.com,2024-07-28,REGULAR
CUST0508,Sneha Sharma,sneha.sharma508@example.com,2025-03-31,REGULAR
CUST0509,Vivaan Singh,vivaan.singh509@example.com,2024-11-05,REGULAR
CUST0510,Neha Mehta,neha.mehta510@example.com,2025-04-26,VIP
CUST0511,Ananya Khan,ananya.khan511@example.com,2026-04-23,PREMIUM
CUST0512,Amit Sharma,amit.sharma512@example.com,2024-10-23,PREMIUM
CUST0513,Priya Khan,priya.khan513@example.com,2024-03-15,VIP
CUST0514,Neha Deshmukh,neha.deshmukh514@example.com,2024-07-12,PREMIUM
CUST0515,Isha Mehta,isha.mehta515@example.com,2025-09-13,VIP
CUST0516,Sneha Mehta,sneha.mehta516@example.com,2025-08-23,PREMIUM
CUST0517,Rohan Jadhav,rohan.jadhav517@example.com,2026-02-11,PREMIUM
CUST0518,Riya Deshmukh,riya.deshmukh518@example.com,2024-05-08,VIP
CUST0519,Isha Patel,isha.patel519@example.com,2025-10-30,VIP
CUST0520,Rohan More,rohan.more520@example.com,2025-04-01,PREMIUM
CUST0521,Arjun Patel,arjun.patel521@example.com,2025-05-24,VIP
CUST0522,Akash Deshmukh,akash.deshmukh522@example.com,2025-11-23,VIP
CUST0523,Isha Sawant,isha.sawant523@example.com,2025-11-20,PREMIUM
CUST0524,Sneha Sharma,sneha.sharma524@example.com,2025-07-01,VIP
CUST0525,Isha Deshmukh,isha.deshmukh525@example.com,2024-03-30,REGULAR
CUST0526,Ananya Kulkarni,ananya.kulkarni526@example.com,2026-03-08,VIP
CUST0527,Rohan Sharma,rohan.sharma527@example.com,2024-08-09,VIP
CUST0528,Sneha Sharma,sneha.sharma528@example.com,2024-07-15,REGULAR
CUST0529,Yash Singh,yash.singh529@example.com,2025-07-23,PREMIUM
CUST0530,Ananya Shinde,ananya.shinde530@example.com,2024-02-20,VIP
CUST0531,Rahul Verma,rahul.verma531@example.com,2025-11-29,PREMIUM
CUST0532,Priya Jadhav,priya.jadhav532@example.com,2024-04-29,VIP
CUST0533,Rahul More,rahul.more533@example.com,2025-07-24,PREMIUM
CUST0534,Neha Verma,neha.verma534@example.com,2025-03-08,REGULAR
CUST0535,Arjun Sharma,arjun.sharma535@example.com,2024-10-16,PREMIUM
CUST0536,Riya Pawar,riya.pawar536@example.com,2026-05-22,REGULAR
CUST0537,Amit Singh,amit.singh537@example.com,2025-02-08,VIP
CUST0538,Sneha Joshi,sneha.joshi538@example.com,2025-03-19,VIP
CUST0539,Pooja Joshi,pooja.joshi539@example.com,2024-07-09,REGULAR
CUST0540,Aditya Jadhav,aditya.jadhav540@example.com,2024-09-25,VIP
CUST0541,Sneha Patel,sneha.patel541@example.com,2025-05-11,VIP
CUST0542,Priya Gupta,priya.gupta542@example.com,2024-04-10,VIP
CUST0543,Kavya Deshmukh,kavya.deshmukh543@example.com,2025-04-10,REGULAR
CUST0544,Rohan Singh,rohan.singh544@example.com,2025-07-15,VIP
CUST0545,Yash Patel,yash.patel545@example.com,2024-11-08,REGULAR
CUST0546,Yash Singh,yash.singh546@example.com,2026-02-06,REGULAR
CUST0547,Priya More,priya.more547@example.com,2026-06-08,PREMIUM
CUST0548,Sneha Singh,sneha.singh548@example.com,2026-05-06,REGULAR
CUST0549,Meera Mehta,meera.mehta549@example.com,2024-05-13,REGULAR
CUST0550,Akash Pawar,akash.pawar550@example.com,2026-01-13,VIP
CUST0551,Isha Singh,isha.singh551@example.com,2025-09-28,VIP
CUST0552,Aditya Sawant,aditya.sawant552@example.com,2025-05-07,VIP
CUST0553,Aditya Jadhav,aditya.jadhav553@example.com,2025-12-24,VIP
CUST0554,Riya Kulkarni,riya.kulkarni554@example.com,2024-07-18,VIP
CUST0555,Aditi Sawant,aditi.sawant555@example.com,2024-07-19,PREMIUM
CUST0556,Riya Mehta,riya.mehta556@example.com,2024-03-27,REGULAR
CUST0557,Riya Sawant,riya.sawant557@example.com,2025-04-17,REGULAR
CUST0558,Rohan Kulkarni,rohan.kulkarni558@example.com,2024-12-16,PREMIUM
CUST0559,Riya Mehta,riya.mehta559@example.com,2025-03-17,REGULAR
CUST0560,Amit Joshi,amit.joshi560@example.com,2026-05-05,PREMIUM
CUST0561,Rahul Verma,rahul.verma561@example.com,2025-04-15,VIP
CUST0562,Kavya Patel,kavya.patel562@example.com,2026-02-19,VIP
CUST0563,Rohan Shinde,rohan.shinde563@example.com,2026-06-21,REGULAR
CUST0564,Rohan Verma,rohan.verma564@example.com,2026-07-29,PREMIUM
CUST0565,Aditi Sharma,aditi.sharma565@example.com,2024-02-14,REGULAR
CUST0566,Vivaan Verma,vivaan.verma566@example.com,2026-06-14,PREMIUM
CUST0567,Karan Singh,karan.singh567@example.com,2026-06-07,PREMIUM
CUST0568,Meera Verma,meera.verma568@example.com,2024-02-17,PREMIUM
CUST0569,Kavya Deshmukh,kavya.deshmukh569@example.com,2025-04-14,PREMIUM
CUST0570,Yash Singh,yash.singh570@example.com,2025-09-22,PREMIUM
CUST0571,Sneha Patel,sneha.patel571@example.com,2024-04-03,REGULAR
CUST0572,Sneha Pawar,sneha.pawar572@example.com,2026-01-22,PREMIUM
CUST0573,Karan Kulkarni,karan.kulkarni573@example.com,2026-07-31,REGULAR
CUST0574,Neha Khan,neha.khan574@example.com,2025-05-11,VIP
CUST0575,Priya Pawar,priya.pawar575@example.com,2024-07-22,PREMIUM
CUST0576,Riya More,riya.more576@example.com,2024-06-13,PREMIUM
CUST0577,Yash Jadhav,yash.jadhav577@example.com,2024-07-09,PREMIUM
CUST0578,Sneha Joshi,sneha.joshi578@example.com,2024-08-06,REGULAR
CUST0579,Vivaan Deshmukh,vivaan.deshmukh579@example.com,2025-08-19,VIP
CUST0580,Isha Joshi,isha.joshi580@example.com,2024-09-05,PREMIUM
CUST0581,Aditi Gupta,aditi.gupta581@example.com,2025-04-30,REGULAR
CUST0582,Rohan Jadhav,rohan.jadhav582@example.com,2026-03-10,PREMIUM
CUST0583,Pooja Mehta,pooja.mehta583@example.com,2025-04-24,PREMIUM
CUST0584,Aarav Patel,aarav.patel584@example.com,2025-09-02,VIP
CUST0585,Sneha Joshi,sneha.joshi585@example.com,2024-11-30,VIP
CUST0586,Priya Sharma,priya.sharma586@example.com,2024-03-19,PREMIUM
CUST0587,Pooja Shinde,pooja.shinde587@example.com,2026-01-01,PREMIUM
CUST0588,Kavya Sharma,kavya.sharma588@example.com,2024-06-15,PREMIUM
CUST0589,Rahul Mehta,rahul.mehta589@example.com,2025-02-14,VIP
CUST0590,Priya Singh,priya.singh590@example.com,2025-09-18,PREMIUM
CUST0591,Vivaan Pawar,vivaan.pawar591@example.com,2024-03-20,VIP
CUST0592,Kavya Joshi,kavya.joshi592@example.com,2025-07-17,VIP
CUST0593,Akash Patel,akash.patel593@example.com,2025-08-23,VIP
CUST0594,Sneha Singh,sneha.singh594@example.com,2026-05-04,PREMIUM
CUST0595,Meera Verma,meera.verma595@example.com,2024-07-03,REGULAR
CUST0596,Arjun Pawar,arjun.pawar596@example.com,2025-08-02,PREMIUM
CUST0597,Kavya Kulkarni,kavya.kulkarni597@example.com,2024-08-12,REGULAR
CUST0598,Meera More,meera.more598@example.com,2025-09-15,VIP
CUST0599,Vivaan Sharma,vivaan.sharma599@example.com,2024-03-01,REGULAR
CUST0600,Neha Singh,neha.singh600@example.com,2026-01-05,VIP
